no;title;author;journal;number;cites;year;cid;pubid;id
1;Fuzzy Multi-Attribute Decision Making (Fuzzy MADM);S Kusumadewi, S Hartati, A Harjoko, R Wardoyo;Yogyakarta: Graha Ilmu;78-79;1087;2006;6007622017498764110;u5HHmVD_uO8C;BlW48Z4AAAAJ
2;A method for iris recognition based on 1d coiflet wavelet;A Harjoko, S Hartati, H Dwiyasa;world academy of science, engineering and technology;56 (24), 126-129;35;2009;13477421069150740093;u-x6o8ySG0sC;BlW48Z4AAAAJ
3;A neural network based facial expression recognition using fisherface;Z Abidin, A Harjoko;International Journal of Computer Applications;59 (3);27;2012;3437746375037166307;zYLM7Y9cAGgC;BlW48Z4AAAAJ
4;Electre methods in solving group decision support system bioinformatics on gene mutation detection simulation;S Hartati, R Wardoyo, A Harjoko, J Palembang-prabumulih, O Ilir;;;24;2011;6676762355449676720;qjMakFHDy7sC;BlW48Z4AAAAJ
5;Implementasi Pengenalan Wajah Menggunakan PCA (Principal Component Analysis);DE Pratiwi, A Harjoko;IJEIS (Indonesian Journal of Electronics and Instrumentation Systems);3 (2 …;17;2013;940260341825285398;9ZlFYXVOiuMC;BlW48Z4AAAAJ
6;Kid's song classification based on mood parameters using K-Nearest Neighbor classification method and Self Organizing Map;KC Dewi, A Harjoko;;2010 International Conference on Distributed Frameworks for Multimedia …;17;2010;5335999082509111674;IjCSPb-OGe4C;BlW48Z4AAAAJ
7;Batik image retrieval based on similarity of shape and texture characteristics;AH Rangkuti, RB Bahaweres, A Harjoko;;2012 International Conference on Advanced Computer Science and Information …;16;2012;17999257736329527265;W7OEmFMy1HYC;BlW48Z4AAAAJ
8;Klasifikasi Massa pada Citra Mammogram Berdasarkan Gray Level Cooccurence Matrix (GLCM);R Listia, A Harjoko;IJCCS (Indonesian Journal of Computing and Cybernetics Systems);8 (1), 59-68;15;2014;7404289504769087109;Se3iqnhoufwC;BlW48Z4AAAAJ
9;Metode Segmentasi Paru-paru dan Jantung Pada Citra X-Ray Thorax;A Mardhiyah, A Harjoko;IJEIS (Indonesian Journal of Electronics and Instrumentation Systems);1 (2 …;15;2011;4180541313245287710;HDshCWvjkbEC;BlW48Z4AAAAJ
10;Ontology-based why-question analysis using lexico-syntactic patterns;AE Karyawati, E Winarko, A Azhari, A Harjoko;International Journal of Electrical and Computer Engineering;5 (2), 318;13;2015;13068174547516685424;Mojj43d5GZwC;BlW48Z4AAAAJ
11;Improved real-time face recognition based on three level wavelet decomposition-principal component analysis and mahalanobis distance;E Winarno, A Harjoko, AM Arymurthy, E Winarko;;;13;2014;8214803341265588891;Y5dfb0dijaUC;BlW48Z4AAAAJ
12;Haar Cascade Classifier dan Algoritma Adaboost untuk Deteksi Banyak Wajah dalam Ruang Kelas;H Santoso, A Harjoko;Jurnal Teknologi;6 (2), 108-115;13;2013;17000513342815677254;mvPsJ3kp5DgC;BlW48Z4AAAAJ
13;Klasifikasi citra batik menggunakan jaringan syaraf tiruan berdasarkan gray level co-occurrence matrices (GLCM);AA Kasim, A Harjoko;Jurnal Fakultas Hukum UII;;12;2014;2430784916918815695;rO6llkc54NcC;BlW48Z4AAAAJ
14;Analysis of image similarity with CBIR concept using wavelet transform and threshold algorithm;AH Rangkuti, N Hakiem, RB Bahaweres, A Harjoko, AE Putro;;2013 IEEE Symposium on Computers & Informatics (ISCI), 122-127;12;2013;5954568921051660556;Tyk-4Ss8FVUC;BlW48Z4AAAAJ
15;Pengenalan Karakter Plat Nomor Mobil Secara Real Time;I Ruslianto, A Harjoko;IJEIS (Indonesian Journal of Electronics and Instrumentation Systems);1 (2 …;12;2011;2908547045976064949;iH-uZ7U-co4C;BlW48Z4AAAAJ
16;AUTOMATIC GLAUCOMA DETECTION BASED ON THE TYPE OF FEATURES USED: A REVIEW.;A Septiarini, A Harjoko;Journal of Theoretical & Applied Information Technology;72 (3);11;2015;14196215482888681507;kzcrU_BdoSEC;BlW48Z4AAAAJ
17;Feature selection of the combination of porous trabecular with anthropometric features for osteoporosis screening;EI Sela, S Hartati, A Harjoko, R Wardoyo, M Mudjosemedi;International Journal of Electrical and Computer Engineering;5 (1), 78;11;2015;8034124979066934966;M05iB0D1s5AC;BlW48Z4AAAAJ
18;Content based batik image retrieval;H Rangkuti, A Harjoko, AE Putro;;;11;2014;17314702817590389717;PELIpwtuRlgC;BlW48Z4AAAAJ
19;The digital microscope and its image processing utility;S Hartati, A Harjoko, TW Supardi;TELKOMNIKA (Telecommunication Computing Electronics and Control);9 (3), 565-574;11;2013;9477771937783783650;MXK_kJrjxJIC;BlW48Z4AAAAJ
20;ELECTRE-entropy method in group decision support system modelto gene mutation detection;S Hartati, R Wardoyo, A Harjoko;International Journal of Advanced Research in Artificial Intelligence;1 (1 …;11;2012;1144742468247912460;7PzlFSSx8tAC;BlW48Z4AAAAJ
21;Palmprint verification based on fractal codes and fractal dimensions;D Putra, IK Gede, A Susanto, A Harjoko, TS Widodo;Proc of the;8th IASTED International Conference Signal and Image Processing …;11;2006;18276399086203025959;9yKSN-GCB0IC;BlW48Z4AAAAJ
22;Pemrosesan Citra Digital untuk Klasifikasi Mutu Buah Pisang Menggunakan Jaringan Saraf Tiruan;YP Wiharja, A Harjoko;Indonesian Journal of Electronics and Instrumentations Systems (IJEIS);4 (1 …;10;2014;1876079580968381812;XiVPGOgt02cC;BlW48Z4AAAAJ
23;Segmentasi Citra Menggunakan Watershed Dan Itensitas Filtering Sebagai Pre Processing;M Murinto, A Harjoko;Seminar Nasional Informatika (SEMNASIF);1 (1);9;2015;10215074806602152176;mKu_rENv82IC;BlW48Z4AAAAJ
24;Analisis Tekstur untuk Klasifikasi Motif Kain (Studi Kasus Kain Tenun Nusa Tenggara Timur);NM Setiohardjo, A Harjoko;IJCCS (Indonesian Journal of Computing and Cybernetics Systems);8 (2), 177-188;9;2014;6198718902495644980;aqlVkmm33-oC;BlW48Z4AAAAJ
25;Optic disc and cup segmentation by automatic thresholding with morphological operation for glaucoma evaluation;A Septiarini, A Harjoko, R Pulungan, R Ekantini;Signal, Image and Video Processing;11 (5), 945-952;8;2017;16209528675070695453;LO7wyVUgiFcC;BlW48Z4AAAAJ
26;Batik classification with artificial neural network based on texture-shape feature of main ornament;AA Kasim, R Wardoyo, A Harjoko;International Journal of Intelligent Systems and Applications;9 (6), 55;7;2017;2113766442487582956;OP4eGU-M3BUC;BlW48Z4AAAAJ
27;Traffic sign detection based on HOG and PHOG using binary SVM and k-NN;A Sugiharto, A Harjoko;;2016 3rd International Conference on Information Technology, Computer, and …;7;2016;13165213536584940296;yMeIxYmEMEAC;BlW48Z4AAAAJ
28;Plant recognition using stereo leaf image using gray-level co-occurrence matrix;H Syahputra, A Harjoko, R Wardoyo, R Pulungan;;;7;2014;17408680970341168220;UebtZRa9Y70C;BlW48Z4AAAAJ
29;Segmentation on the dental periapical X-Ray images for osteoporosis screening;EI Sela, S Hartati, A Harjoko, R Wardoyo, MS Munakhir;(IJACSA) International Journal of Advanced Computer Science and Applications …;;7;2013;11379299478642956561;8k81kl-MbHgC;BlW48Z4AAAAJ
30;Metode Background Subtraction untuk Deteksi Obyek Pejalan Kaki pada Lingkungan Statis;A Solichin, A Harjoko;Jurnal Fakultas Hukum UII;;7;2013;7033908531015440171;gVv57TyPmFsC;BlW48Z4AAAAJ
31;Development of Copeland score methods for determine group decisions;E Zuhairi, S Hartati, R Wardoyo, A Harjoko;International Journal of Advanced Computer Science and Aplication (IJACSA);4 …;7;2013;5865617814097305174;KlAtU1dfN6UC;BlW48Z4AAAAJ
32;Telaah Metode-metode Pendeteksi Kebohongan;IGA Gunadi, A Harjoko;IJCCS (Indonesian Journal of Computing and Cybernetics Systems);6 (2);7;2012;17742237320927285854;k_IJM867U9cC;BlW48Z4AAAAJ
33;Optimization CBIR using k-means clustering for image database;J Rejito, R Wardoyo, S Hartati, A Harjoko;International Journal of Computer Science and Information Technologies;3 (4 …;7;2012;510048054219970394;e5wmG9Sq2KIC;BlW48Z4AAAAJ
34;A fruit classification method based on shapes and color features;A Harjoko, A Abdullah;;3rd Asian Physics Symp, 445-448;7;2009;4593392476288208947;MAUkC_7iAq8C;BlW48Z4AAAAJ
35;Penerapan Jaringan Syaraf Tiruan Untuk Mendeteksi Posisi Wajah Manusia Pada Citra Digital;S Nugroho, A Harjoko;Jurnal Fakultas Hukum UII;;7;2005;6318392895079979513;Y0pCki6q_DkC;BlW48Z4AAAAJ
36;Survey of hybrid image compression techniques;E Setyaningsih, A Harjoko;International Journal of Electrical and Computer Engineering;7 (4), 2206;6;2017;13083987684694748039;8xutWZnSdmoC;BlW48Z4AAAAJ
37;POS Tagging Bahasa Indonesia Dengan HMM dan Rule Based;K Widhiyanti, A Harjoko;Informatika: Jurnal Teknologi Komputer dan Informatika;8 (2);6;2012;15941714955754454727;K3LRdlH-MEoC;BlW48Z4AAAAJ
38;Klasifikasi Fase Retinopati Diabetes Menggunakan Backpropagation Neural Network;RY Dillak, A Harjoko;IJEIS (Indonesian Journal of Electronics and Instrumentation Systems);1 (2 …;6;2012;148268170073349620;0EnyYjriUFMC;BlW48Z4AAAAJ
39;Classification mfcc feature from culex and aedes aegypti mosquitoes noise using support vector machine;A Lukman, A Harjoko, CK Yang;;2017 International Conference on Soft Computing, Intelligent System and …;5;2017;17937110984002580734;uDGL6kOW6j0C;BlW48Z4AAAAJ
40;Research of smart real-time robot navigation system;B Rahmani, A Harjoko, TK Priyambodo, H Aprilianto;AIP Conference Proceedings;1707 (1), 060001;5;2016;6882471592599084271;M7yex6snE4oC;BlW48Z4AAAAJ
41;Review of vision-based robot navigation method;B Rahmani, AE Putra, A Harjoko, TK Priyambodo;IAES International Journal of Robotics and Automation;4 (4);5;2015;6103186471591714643;vDijr-p_gm4C;BlW48Z4AAAAJ
42;Selection of Most Appropriate Backpropagation Training Algorithm in Data Pattern Recognition;H Mustafidah, S Hartati, R Wardoyo, A Harjoko;arXiv preprint arXiv:;:1409.4727;5;2014;14584085308936335930;B3FOqHPlNUQC;BlW48Z4AAAAJ
43;Selection Mammogram Texture Descriptors Based on Statistics Properties Backpropagation Structure;S Uyun, S Hartati, A Harjoko;arXiv preprint arXiv:;:1307.6542;5;2013;6279433519037235766;RGFaLdJalmkC;BlW48Z4AAAAJ
44;Merging feature method on RGB image and edge detection image for wood identification;A Harjoko, KB Seminar, S Hartati;;;5;2013;6782361767245933579;k8Z6L05lTy4C;BlW48Z4AAAAJ
45;Differential diagnosis knowledge building by using CUC-C4. 5 framework;S Hartati, R Wardoyo, A Harjoko;Journal of Computer Science;6 (2), 180;5;2010;5888471615458214557;YsMSGLbcyi4C;BlW48Z4AAAAJ
46;Identifikasi Telapak Tangan dengan Memanfaatkan Alihragam Gelombang Singkat;D Putra, A Susanto, A Harjoko, TS Widodo;Jurnal Terakreditasi PAKAR;5 (3), 161-172;5;2004;587216840348839966;ILKRHgRFtOwC;BlW48Z4AAAAJ
47;Classification of Batik Kain Besurek Image Using Speed Up Robust Features (SURF) and Gray Level Co-occurrence Matrix (GLCM);FU Karimah, A Harjoko;International Conference on Soft Computing in Data Science;81-91;4;2017;16104743431509844530;sJsF-0ZLhtgC;BlW48Z4AAAAJ
48;Face recognition based on symmetrical half-join method using stereo vision camera;E Winarno, A Harjoko, AM Arymurthy, E Winarko;International Journal of Electrical and Computer Engineering;6 (6), 2818;4;2016;12298099333999561214;Ri6SYOTghG4C;BlW48Z4AAAAJ
49;Automated detection and classification techniques of Acute leukemia using image processing: A review;RG Bagasjvara, I Candradewi, S Hartati, A Harjoko;;2016 2nd International Conference on Science and Technology-Computer (ICST …;4;2016;13068508087825426551;3htObqc8RwsC;BlW48Z4AAAAJ
50;Klasifikasi Sel Darah Putih Berdasarkan Ciri Warna dan Bentuk dengan Metode K-Nearest Neighbor (K-NN);MN Khasanah, A Harjoko, I Candradewi;IJEIS (Indonesian Journal of Electronics and Instrumentation Systems);6 (2 …;4;2016;196414083824669429;4MWp96NkSFoC;BlW48Z4AAAAJ
51;Fake smile detection using linear support vector machine;IGA Gunadi, A Harjoko, R Wardoyo, N Ramdhani;;2015 International Conference on Data and Software Engineering (ICoDSE), 103-107;4;2015;13342583039556007736;SpbeaW3--B0C;BlW48Z4AAAAJ
52;Sistem Verifikasi Tanda Tangan Off-Line Berdasar Ciri Histogram Of Oriented Gradient (HOG) Dan Histogram Of Curvature (HoC);AW Widodo, A Harjoko;Jurnal Teknologi Informasi dan Ilmu Komputer;2 (1), 1-10;4;2015;16632012692268411381;epqYDVWIO7EC;BlW48Z4AAAAJ
53;Robust Indonesian Digit Speech Recognition using Elman Recurrent Neural Network;M Fachrie, A Harjoko;Konferensi Nasional Informatika (KNIF);2015, 49-54;4;2015;12003872642666338305;hMsQuOkrut0C;BlW48Z4AAAAJ
54;Preprocessing Model of Manuscripts in Javanese Characters;AR Widiarti, A Harjoko, S Hartati;Journal of Signal and Information Processing;5 (04), 112;4;2014;12155271194735807844;xtRiw3GOFMkC;BlW48Z4AAAAJ
55;A survey of pedestrian detection in video;A Solichin, A Harjoko, AE Putra;neural networks;2, 8;4;2014;11091846376812837822;pyW8ca7W8N0C;BlW48Z4AAAAJ
56;Five Modular Redundancy with Mitigation Technique to Recover the Error Module;JE Istiyanto, A Harjoko, AE Putra;arXiv preprint arXiv:;:1403.1928;4;2014;14437366033545478524;4fKUyHm3Qg0C;BlW48Z4AAAAJ
57;Penyembunyian Data pada File Video Menggunakan Metode LSB dan DCT;M Yunus, A Harjoko;IJCCS (Indonesian Journal of Computing and Cybernetics Systems);8 (1), 81-90;4;2014;5637347348782870603;NMxIlDl6LWMC;BlW48Z4AAAAJ
58;Line segmentation of javanese image of manuscripts in javanese scripts;AR Widiarti, A Harjoko, S Hartati;International Journal of Engineering Innovations and Research (IJEIR);2, 239-244;4;2013;5911339916592323359;BqipwSGYUEgC;BlW48Z4AAAAJ
59;Prediction of Test Items Validity Using Artificial Neural Network;H Mustafidah, S Hartati, R Wardoyo, A Harjoko;Improving The Quality of Education to Face The Impact of Technology;;4;2013;1766256797103433576;0CzhzZyukY4C;BlW48Z4AAAAJ
60;Image blocks model for improving accuracy in identification systems of wood type;G Gasim;(IJACSA) International Journal of Advanced Computer Science and Applications …;;4;2013;7553852521512612241,13139813290465876545;TFP_iSt0sucC;BlW48Z4AAAAJ
61;Pengenalan Ucapan Suku Kata Bahasa Lisan Menggunakan Ciri LPC, MFCC, dan JST;A Abriyono, A Harjoko;IJCCS (Indonesian Journal of Computing and Cybernetics Systems);6 (2);4;2012;9534554590880357379;1qzjygNMrQYC;BlW48Z4AAAAJ
62;Facial Expression Recognition By Using Fisherface Methode With Backpropagation Neural Network;Z Abidin, A Harjoko;IJCCS (Indonesian Journal of Computing and Cybernetics Systems);5 (1);4;2011;11630250777238207817;b0M2c_1WBrUC;BlW48Z4AAAAJ
63;Fuzzy hyperbolization image enhancement and artificial neural network for anomaly detection;S Hartati, A Harjoko, BG Nickerson;;;4;2009;7928845567134382406;hqOjcs7Dif8C;BlW48Z4AAAAJ
64;User Interface Design for e-Learning System;BR Suteja, A Harjoko;Jurnal Fakultas Hukum UII;;4;2008;18160707157656659123;nVrZBo8bIpAC;BlW48Z4AAAAJ
65;A Chinese Character Recognition Method Based On Population Matrix and Relational Database;TMS Mulyana, A Harjoko;Proceeding of Information & Communication Technology Seminar, IEEE (ISSN …;;4;2006;12322759878873708912;tOudhMTPpwUC;BlW48Z4AAAAJ
66;Penerapan basisdata terdistribusi pada sistem informasi perpustakaan menggunakan model three tier;H WARDHANA, A Harjoko;Text;;4;2003;12308743951581999765;mNrWkgRL2YcC;BlW48Z4AAAAJ
67;Penentuan Kematangan Buah Salak Pondoh Di Pohon Berbasis Pengolahan Citra Digital;P Rianto, A Harjoko;IJCCS (Indonesian Journal of Computing and Cybernetics Systems);11 (2), 143-154;3;2017;3774206925332319978;Aul-kAQHnToC;BlW48Z4AAAAJ
68;Deteksi Perubahan Citra Pada Video Menggunakan Illumination Invariant Change Detection;A Priadana, A Harjoko;IJCCS (Indonesian Journal of Computing and Cybernetics Systems);11 (1), 89-98;3;2017;18247326643169432159;HtS1dXgVpQUC;BlW48Z4AAAAJ
69;Indonesian syllabification using a pseudo nearest neighbour rule and phonotactic knowledge;S Suyanto, S Hartati, A Harjoko, D Van Compernolle;Speech Communication;85, 109-118;3;2016;6864153014104397171;YohjEiUPhakC;BlW48Z4AAAAJ
70;The use of video processing for quadrotor flight stability control monitoring;A Dharmawan, A Ashari, AE Putra, A Harjoko;AIP Conference Proceedings;1755 (1), 170008;3;2016;2870650750551132853;ClCfbGk0d_YC;BlW48Z4AAAAJ
71;Modified grapheme encoding and phonemic rule to improve PNNR-based Indonesian G2P;S Hartati, A Harjoko;INTERNATIONAL JOURNAL OF ADVANCED COMPUTER SCIENCE AND APPLICATIONS;7 (3 …;3;2016;1673797444524957309;Dip1O2bNi0gC;BlW48Z4AAAAJ
72;VEHICLE COUNTING AND VEHICLE SPEED MEASUREMENT BASED ON VIDEO PROCESSING.;HS Sundoro, A Harjoko;Journal of Theoretical & Applied Information Technology;84 (2);3;2016;2362066565617305779;-FonjvnnhkoC;BlW48Z4AAAAJ
73;Fingerprint Image Segmentation Using Haar Wavelet and Self Organizing Map;S Suwarno, AH Subanar, S Hartati;International Journal of Advanced Computer Science and Applications;4 (9);3;2013;10677368363320444289;5nxA0vEk-isC;BlW48Z4AAAAJ
74;Pemrosesan Video Pendeteksi Kecepatan dan Ketinggian Aliran Lahar Dingin Pendukung Sistem Peringatan Dini;L Awaludin, A Harjoko, R Sumiharto;IJEIS (Indonesian Journal of Electronics and Instrumentation Systems);2 (2 …;3;2012;6412574203338509182;LkGwnXOMwfcC;BlW48Z4AAAAJ
75;Pengembangan computer vision system sederhana untuk menentukan kualitas tomat;RE Masithoh, B Rahardjo, L Sutiarso, A Hardjoko;agriTECH;31 (2);3;2011;11928086081626103693;LgRImbQfgY4C;BlW48Z4AAAAJ
76;Classification of acute myeloid leukemia subtypes M1, M2 and M3 using active contour without edge segmentation and momentum backpropagation artificial neural network;A Harjoko, T Ratnaningsih, E Suryani, S Palgunadi, NPT Prakisya;MATEC Web of Conferences;154, 01041;2;2018;8312140005035465730;owLR8QvbtFgC;BlW48Z4AAAAJ
77;The Model and Implementation of Javanese Script Image Transliteration;AR Widiarti, A Harjoko, S Hartati;;2017 International Conference on Soft Computing, Intelligent System and …;2;2017;4493063314540869775;PVgj2kMGcgYC;BlW48Z4AAAAJ
78;Feature extraction methods for batik pattern recognition: a review;AA Kasim, R Wardoyo, A Harjoko;AIP Conference Proceedings;1755 (1), 070008;2;2016;14034794742816244232;FPJr55Dyh1AC;BlW48Z4AAAAJ
79;Feature Selection Based on Minimum Overlap Probability (MOP) in Identifying Beef and Pork;K Anwar, A Harjoko, S Suharto;Int. J. Adv. Comput. Sci. Appl;7, 316-322;2;2016;5907558303448755410;q3CdL3IzO_QC;BlW48Z4AAAAJ
80;Klasifikasi varietas cabai berdasarkan morfologi daun menggunakan backpropagation neural network;K Syaban, A Harjoko;IJCCS (Indonesian Journal of Computing and Cybernetics Systems);10 (2), 161-172;2;2016;12608692968233670106;dBIO0h50nwkC;BlW48Z4AAAAJ
81;Sistem Perhitungan Lama Penyinaran Matahari dengan Metode Otsu Threshold (Studi Kasus: St. Klimatologi Barongan);A Pujiastuti, A Harjoko;Compiler;5 (2);2;2016;17458650240768424789;0N-VGjzr574C;BlW48Z4AAAAJ
82;Fuzzy C means for image batik clustering based on spatial features;AA Kasim, R Wardoyo, A Harjoko;International Journal of Computer Applications;975, 8887;2;2015;2259051550087289355;URolC5Kub84C;BlW48Z4AAAAJ
83;Sistem Penghitung Jumlah Kendaraan Ringan Roda Empat Pada Jalan Raya dengan Metode Haar Cascade Classifier dan Camshift;AM Handayani;Universitas Gadjah Mada;;2;2015;13306214594018563596;uLbwQdceFCQC;BlW48Z4AAAAJ
84;Nearest neighbour-based Indonesian G2P conversion;A Harjoko;Telkomnika;12 (2), 389;2;2014;2442725600164935546;AXPGKjj_ei8C;BlW48Z4AAAAJ
85;Robust cephalometric landmark identification on cephalometric downs analysis;IP Ningrum, A Harjoko, M Mudjosemedi;International Journal of Computer & Electrical Engineering;6 (2);2;2014;728941770879712619;Wp0gIr-vW9MC;BlW48Z4AAAAJ
86;Purwarupa Robot Lengan Pemilah Objek Berdasarkan Label Tulisan Secara Realtime;BNW Bimantaka, A Harjoko;IJEIS (Indonesian Journal of Electronics and Instrumentation Systems);4 (2 …;2;2014;10119330253050565222;edDO8Oi4QzsC;BlW48Z4AAAAJ
87;Pelacakan Benda Bergerak Menggunakan Metode Mean-Shift dengan Perubahan Skala dan Orientasi;MI Mahali, A Harjoko;BIMIPA;24 (2), 167-180;2;2014;15202377061074028129;Z5m8FVwuT1cC;BlW48Z4AAAAJ
88;Sistem identifikasi relief pada situs bersejarah menggunakan perangkat mobile android (studi kasus candi borobudur);RA Yunmar, A Harjoko;IJCCS (Indonesian Journal of Computing and Cybernetics Systems);8 (2), 133-144;2;2014;8170494646212568783;z_wVstp3MssC;BlW48Z4AAAAJ
89;Pengenalan Simbol Jarimatika Menggunakan Orientasi Histogram dan Multi-layer Perceptron;A Sunyoto, A Harjoko;Creative Information Technology Journal;1 (4), 326-340;2;2014;13006529436083032270;tzM49s52ZIMC;BlW48Z4AAAAJ
90;Penerapan Algoritma Invasive Weed Optimnization untuk Penentuan Titik Pusat Klaster pada K-Means;IPA Pratama, A Harjoko;IJCCS (Indonesian Journal of Computing and Cybernetics Systems);9 (1), 65-76;2;2014;10652682709379067045;abG-DnoFyZgC;BlW48Z4AAAAJ
91;Comparison between Automatic and Semiautomatic Thresholding Method for Mammographic Density Classification;S Uyun, S Hartati, A Harjoko, L Choridah;Advanced Materials Research;896, 672-675;2;2014;10268878129446400498;dfsIfKJdRG4C;BlW48Z4AAAAJ
92;Identifikasi barcode pada gambar yang ditangkap kamera digital menggunakan metode JST;S Aliaji, A Harjoko;IJCCS (Indonesian Journal of Computing and Cybernetics Systems);7 (2), 121-132;2;2013;6488540732109875738;J_g5lzvAfSwC;BlW48Z4AAAAJ
93;Klasifikasi Varietas Tanaman Kelengkeng Berdasarkan Morfologi Daun Menggunakan Backpropagation Neural Network dan Probabilistic Neural Network;H Syahputra, A Harjoko;IJCCS (Indonesian Journal of Computing and Cybernetics Systems);5 (3), 11-16;2;2011;13740910554172736623;p2g8aNsByqUC;BlW48Z4AAAAJ
94;Comparison of some features extraction method in wood identification;A Harjoko;;2010 International Conference on Distributed Frameworks for Multimedia …;2;2010;16644835789146017965;BrmTIyaxlBUC;BlW48Z4AAAAJ
95;Pengenalan ekspresi wajah menggunakan metode fisherface dengan pendekatan jaringan syaraf tiruan backpropagation;Z ABIDIN;Text;;2;2010;15238296375887474960;3fE2CSJIrl8C;BlW48Z4AAAAJ
96;Sistem Pengenalan Iris mata Manusia dengan Menggunakan Transformasi Wavelet;M Maimunah, A Harjoko;Jurnal Fakultas Hukum UII;;2;2007;7689428031466176674;EkHepimYqZsC;BlW48Z4AAAAJ
97;Penggunaan Matriks Populasi Pixel dan Relational Database untuk mengenali huruf kanji dan radikalnya;TMS Mulyana;Universitas Gadjah Mada;;2;2006;498267694088402752;ZfRJV9d4-WMC;BlW48Z4AAAAJ
98;Pengenalan Citra dokumen Sastra Jawa konsep dan implementasinya;AR Widiarti;Universitas Gadjah Mada;;2;2006;2874539523305400149;SdhP9T11ey4C;BlW48Z4AAAAJ
99;Kompresi Citra Digital dengan Fraktal Sebagai Teknik Kompresi Alternatif;A Sugiharto, A Harjoko;Prosiding Seminar Nasional SPMIPA;2006;2;2006;9363560971805432870;pqnbT2bcN3wC;BlW48Z4AAAAJ
100;Aplikasi pengolahan citra digital untuk identifikasi biometrik sidik jari dengan metode fraktal;W WICAKSONO;Universitas Gadjah Mada;;2;2006;15480388271859685208;kNdYIx-mwKoC;BlW48Z4AAAAJ
101;Embeded Data XML pada Citra dengan Format SVG untuk Representasi Citra Medis;S Wirawan, I Wicaksana, S Guritno, A Harjoko;Seminar Nasional Teknologi Informasi;2005;2;2005;45891389866010018;eQOLeE2rZwMC;BlW48Z4AAAAJ
102;Pembuatan sistem informasi kepegawaian dengan arsitektur three-tier pada Dinas Tenaga Kerja dan Transmigrasi Propinsi DIY;F Yulianto, A Harjoko;Text;;2;2003;916558719650921465;cWzG1nlazyYC;BlW48Z4AAAAJ
103;Visualisasi dan animasi medan listrik dan medan magnet;M Jamilah;Universitas Gadjah Mada;;2;2002;11365924999608799052;8d8msizDQcsC;BlW48Z4AAAAJ
104;Automatic detection of peripapillary atrophy in retinal fundus images using statistical features;A Septiarini, A Harjoko, R Pulungan, R Ekantini;Biomedical Signal Processing and Control;45, 151-159;1;2018;11881504718207959455;Ade32sEp0pkC;BlW48Z4AAAAJ
105;Identifikasi Penyakit Cabai Berdasarkan Gejala Bercak Daun dan Penampakan Conidia Menggunakan Probabilistic Neural Network;J Permadi, A Harjoko;SEMNASKIT;2015;1;2018;17702254418948916909;gsN89kCJA0AC;BlW48Z4AAAAJ
106;Feature Representation Scheme for Smart Video Sensor;I Imelda, A Harjoko, P Nurwantoro;INTERNATIONAL JOURNAL OF COMPUTER SCIENCE AND NETWORK SECURITY;18 (1), 1-9;1;2018;18050593336013001877;wMgC3FpKEyYC;BlW48Z4AAAAJ
107;License Plate Detection Based on Convolutional Neural Network: Support Vector Machine (CNN-SVM);G Kosala, A Harjoko, S Hartati;Proceedings of the International Conference on Video and Image Processing;1-5;1;2017;10284983829716584222;Br1UauaknNIC;BlW48Z4AAAAJ
108;GRID-EDGE-DEPTH MAP BUILDING EMPLOYING SAD WITH SOBEL EDGE DETECTOR.;B Rahmani, A Harjoko, TK Priyambodo;International Journal on Smart Sensing & Intelligent Systems;10 (3);1;2017;3566293058535346242;u-coK7KVo8oC;BlW48Z4AAAAJ
109;DETEKSI GERAK DAN PENGENALAN WAJAH UNTUK SISTEM PENGAWASAN MELALUI VIDEO CCTV;ADE NURHOPIPAH;Universitas Gadjah Mada;;1;2017;2938546410870458952;ubry08Y2EpUC;BlW48Z4AAAAJ
110;KLASIFIKASI CITRA BATIK KAIN BESUREK DENGAN SPEED UP ROBUST FEATURES (SURF) DAN GRAY LEVEL CO-OCCURRENCE MATRIX (GLCM);FU KARIMAH;Universitas Gadjah Mada;;1;2017;12298217368571850410;CaZNVDsoPx4C;BlW48Z4AAAAJ
111;Metode Klasifikasi Mutu Jambu Biji Menggunakan Knn Berdasarkan Fitur Warna Dan Tekstur;TY Prahudaya, A Harjoko;Jurnal Teknosains;6 (2), 113-123;1;2017;8337331336167797779;Bg7qf7VwUHIC;BlW48Z4AAAAJ
112;Comparison of Sentence Subjectivity Classification Methods in Indonesian News;S Priyanta, S Hartati, A Harjoko, R Wardoyo;International Journal of Computer Science and Information Security;14 (5), 407;1;2016;1663801990649988717;hCrLmN-GePgC;BlW48Z4AAAAJ
113;A New Method for Measuring Texture Regularity based on the Intensity of the Pixels in Grayscale Images;K Anwar, A Harjoko, S Suharto;International Journal of Computer Applications;137 (7), 1-5;1;2016;16664283428033758913;86PQX7AUzd4C;BlW48Z4AAAAJ
114;TRAINING AND DEVELOPMENT OFARTIFICIAL NEURAL NETWORK MODELS: SINGLE LAYER FEEDFORWARD AND MULTI LAYER FEEDFORWARD NEURAL NETWORK.;V Pellakuri, DR Rao;Journal of Theoretical & Applied Information Technology;84 (2);1;2016;14669860698998681528;kz9GbA2Ns4gC;BlW48Z4AAAAJ
115;Deteksi Kebohongan Berdasarkan Tanda Emosi Negatif Pada Wajah Dengan Menggunakan Pendekatan Pengklasifikasi Naive Bayesian;IGA GUNADI, S SI, M KOM;Universitas Gadjah Mada;;1;2016;6343410855090556897;AHdEip9mkN0C;BlW48Z4AAAAJ
116;Analisis Kesiapan Penerapan Rekam Medis Elektronik Menggunakan DOQ-IT di RSUD Dr. H. Abdul Moeloek Lampung;I Sudirahayu, A Harjoko;Journal of Information Systems for Public Health;1 (2), 35-43;1;2016;458462098136704256;F1b5ZUV5XREC;BlW48Z4AAAAJ
117;Sistem Informasi Geografis Risiko Kemunculan Rip Current Menggunakan Decision Tree C4. 5;ML Radhitya, A Harjoko;IJCCS (Indonesian Journal of Computing and Cybernetics Systems);10 (2), 195-206;1;2016;12782132280100135955;HIFyuExEbWQC;BlW48Z4AAAAJ
118;Skema Proteksi Hak Cipta untuk Citra Warna Digital Menggunakan Visual Cryptography;S Rani, A Harjoko;Jurnal Nasional Teknik Elektro dan Teknologi Informasi (JNTETI);5 (4), 286-293;1;2016;4741925170594011106;ye4kPcJQO24C;BlW48Z4AAAAJ
119;Deteksi dan Identifikasi Ukuran Obyek Abnormal (Studi Kasus: Citra Otak Manusia);EI Sela, A Harjoko;Seminar Nasional Informatika (SEMNASIF);1 (1);1;2015;7577228411959713055;UxriW0iASnsC;BlW48Z4AAAAJ
120;CONTENT-BASED IMAGE RETRIEVAL FOR ASSET MANAGEMENT BASED ON WEIGHTED FEATURE AND K-MEANS CLUSTERING.;A HARJOKO, A Ashari;Journal of Theoretical & Applied Information Technology;77 (1);1;2015;16142899279362990831;Ehil0879vHcC;BlW48Z4AAAAJ
121;Pengenalan Spesies Gulma Berdasarkan Bentuk dan Tekstur Daun Menggunakan Jaringan Syaraf Tiruan;H Herman, A Harjoko;IJCCS (Indonesian Journal of Computing and Cybernetics Systems);9 (2), 207-218;1;2015;18261395007556600512;L7CI7m0gUJcC;BlW48Z4AAAAJ
122;Perancangan User Interface E-Learning Berbasis Web;BR Suteja, A Harjoko;Seminar Nasional Informatika (SEMNASIF);1 (5);1;2015;7842444807138661838;MLfJN-KU85MC;BlW48Z4AAAAJ
123;Model Transliterasi Otomatis Citra Naskah Aksara Jawa;AR Widiarti;Universitas Gadjah Mada;;1;2015;518426084464195923;bKqednn6t2AC;BlW48Z4AAAAJ
124;Klasifikasi Jenis Buah Kurma Menggunakan Teknik Pengolahan Citra Digital dengan Metode Jaringan Saraf Tiruan;V SONATA;Universitas Gadjah Mada;;1;2015;5526844106611719398;foquWX3nUaYC;BlW48Z4AAAAJ
125;Pemrosesan Video Untuk Klasifikasi Jenis Kendaraan Menggunakan Algoritma Support Vector Machine;IKA CANDRADEWI;Universitas Gadjah Mada;;1;2015;6490420928855130942;HbR8gkJAVGIC;BlW48Z4AAAAJ
126;Pengolahan Citra Digital untuk Keyboard Virtual Sebagai Antarmuka pada Aplikasi Berbasis Web;RI Alhaqq, A Harjoko;IJEIS (Indonesian Journal of Electronics and Instrumentation Systems);5 (2 …;1;2015;7617657150254974870;fEOibwPWpKIC;BlW48Z4AAAAJ
127;Technical implementation of dual mode fault tolerance;H Haryono, JE Istiyanto, A Harjoko, A Putra;Journal of Instrumentation, Automation and Systems;1 (1), 10-17;1;2014;9300044351810920400;g5m5HwL7SMYC;BlW48Z4AAAAJ
128;An intonation speech synthesis model for Indonesian using pitch pattern and phrase identification;Y Suyanto, A Harjoko, S Hartati;Journal of Signal and Information Processing;5 (03), 80;1;2014;6129069034004136173;O3NaXMp0MMsC;BlW48Z4AAAAJ
129;Pengenalan Pola Gerak Mulut Dengan Menggunakan Pendekatan SOM (Self Organaizing Feature Map);IGA Gunadi, A Harjoko;Jurnal Nasional Pendidikan Teknik Informatika (JANAPATI);3 (1), 15-20;1;2014;7974738307383872316;PR6Y55bgFSsC;BlW48Z4AAAAJ
130;Review Teknik, Teknologi, Metodologi dan Implementasi Pengenalan Gestur Tangan Berbasis Visi;A Sunyoto, A Harjoko;Jurnal Fakultas Hukum UII;;1;2014;18182826141094608931;5icHVeHT4IsC;BlW48Z4AAAAJ
131;Klasifikasi Lagu Berdasarkan Genre pada Format WAV;N Tamatjita, A Harjoko;IJCCS (Indonesian Journal of Computing and Cybernetics Systems);8 (2), 145-154;1;2014;9021334637852277035;uc_IGeMz5qoC;BlW48Z4AAAAJ
132;An Efficient and Flexible DC to DC Converter With Feedback Control for Communication System;A Harjoko, TW Supardi;International Journal of Computer Science and Information Technologies …;;1;2014;18018676031914209968;zA6iFVUQeVQC;BlW48Z4AAAAJ
133;Perbandingan Verifikasi Tanda Tangan Dengan Menggunakan Jaringan Saraf Tiruan Backpropagation dan Support Vector Machine;BC Oktariyadi;Universitas Gadjah Mada;;1;2014;2788942850820078768;TQgYirikUcIC;BlW48Z4AAAAJ
134;Deteksi Pejalan Kaki pada Video dengan Metode Fastest Pedestrian Detector in The West (FPDW);A Solichin, UBL Indonesia, A Harjoko, FUGM Indonesia;Universitas Gadjah Mada, Yogyakarta;;1;2013;806001975902270042;2P1L_qKh6hAC;BlW48Z4AAAAJ
135;Segmentasi Citra Wajah Menggunakan Metode Level Set;H Santoso, A Harjoko;Seminar Nasional Aplikasi Teknologi Informasi;2013;1;2013;15610374952387263694;tH6gc1N1XXoC;BlW48Z4AAAAJ
136;Pengenalan Hand Gesture Dinamis Menggunakan JST Metode Pembelajaran Backpropagation;Y Lukito, A Harjoko;Seminar Nasional Ilmu Komputer FMIPA UGM;;1;2013;9895850136034291040;CHSYGLWDkRkC;BlW48Z4AAAAJ
137;Dengan Klasifikasi Nyamuk Berdasarkan Suaranya Metode Mel Frequency Cepstral Coefficients dan Jaringan Syaraf Tiruan;A LUKMAN;Universitas Gadjah Mada;;1;2013;7086593478610045075;35N4QoGY0k4C;BlW48Z4AAAAJ
138;Sistem Pendeteksian Marker pada Analisis Gait Menggunakan Pengolahan Citra Digital;D Ariano, A Harjoko;IJEIS (Indonesian Journal of Electronics and Instrumentation Systems);3 (2 …;1;2013;96436446817398154;_kc_bZDykSQC;BlW48Z4AAAAJ
139;Purwarupa Kendali Lengan Dental Light dengan Isyarat Jari Berbasis Pengolahan Citra Digital;MA Al Hilmi, A Harjoko;IJEIS (Indonesian Journal of Electronics and Instrumentation Systems);2 (1 …;1;2012;16668216384621347425;q3oQSFYPqjQC;BlW48Z4AAAAJ
140;Purwarupa Sistem Pendeteksi Garis Landasan Pacu pada Pesawat Terbang;MS Ardi, A Harjoko, R Sumiharto;IJEIS (Indonesian Journal of Electronics and Instrumentation Systems);2 (2 …;1;2012;4927648643405273735;JV2RwH3_ST0C;BlW48Z4AAAAJ
141;Klasifikasi Kendaraan Menggunakan Learning Vector Quantization;I Imelda, A Harjoko;IJEIS (Indonesian Journal of Electronics and Instrumentation Systems);2 (1 …;1;2012;18239721329127650998;j3f4tGmQtD8C;BlW48Z4AAAAJ
142;Pemantau Tekanan Darah Digital Berbasis Sensor Tekanan MPX2050GP;N Yazid, A Harjoko;IJEIS (Indonesian Journal of Electronics and Instrumentation Systems);1 (1 …;1;2011;16192679592394140480;GnPB-g6toBAC;BlW48Z4AAAAJ
143;Identification Method for 15 Names of Commercial Wood With Image of Texture Pore as an Input;A Harjoko, R Damayanti;Proceedings of International Conference on Informatics for Development …;;1;2011;12962080875155152473;1Ye0OR6EYb4C;BlW48Z4AAAAJ
144;Sistem Instrumentasi Dan Kendali (SIK) Sumber Tegangan Tinggi DC Untuk Proses Nitridasi Plasma Menggunakan Variac;IB Nugroho, A Harjoko, S Santoso;IJEIS (Indonesian Journal of Electronics and Instrumentation Systems);1 (1 …;1;2011;4702877172992940433;f2IySw72cVMC;BlW48Z4AAAAJ
145;Reversible Watermarking dengan Metode Modifikasi Histogram pada Difference Image;Y Retno, A Harjoko;IJCCS (Indonesian Journal of Computing and Cybernetics Systems);5 (2);1;2011;5767197755290974022;YFjsv_pBGBYC;BlW48Z4AAAAJ
146;Implementation of MADM Methods in Solving Group Decision Support System on Gene Mutations Detection Simulation;E Ermatita, S Hartati, R Wardoyo, A Harjoko;International Conference on Computer Modeling and Simulation (ICCMS;2011);1;2011;2565909812220365996;-f6ydRqryjwC;BlW48Z4AAAAJ
147;Sistem biometrika sidik jari dengan ekstraksi ciri menggunakan dimensi fraktal dan lacunarity;K HIDJAH, A Harjoko;Text;;1;2010;11561078288262780881;mlAyqtXpCwEC;BlW48Z4AAAAJ
148;Pengolahan citra digital untuk menentukan umur kayu jati;S MUNAWAROH;Universitas Gadjah Mada;;1;2010;17030065798140154545;GtLg2Ama23sC;BlW48Z4AAAAJ
149;Prototipe sistem penerjemahan bahasa Arab ke bahasa Indonesia:: Studi kasus Al-Qur'an;NG Setyoningrum;Universitas Gadjah Mada;;1;2010;13396826073595904329;9vf0nzSNQJEC;BlW48Z4AAAAJ
150;Algoritma stemming untuk dokumen teks Bahasa Jawa;L Agusta;Universitas Gadjah Mada;;1;2009;18098850208420959593;olpn-zPbct0C;BlW48Z4AAAAJ
151;Perangkat Lunak JIT (Just In Time) untuk Memprediksi Resiko Proyek Perangkat Lunak;Y Afrizal, A Harjoko;Jurnal Sistem Informasi;4 (1), 61-74;1;2009;10777517005816262182;roLk4NBRz8UC;BlW48Z4AAAAJ
152;Pendeteksian dan pengenalan teks terjemahan pada video menggunakan metode grayscale thinning dan region growing;A SEPTIARINI;Universitas Gadjah Mada;;1;2009;3253505413745818464;ufrVoPGSRksC;BlW48Z4AAAAJ
153;Prototype user interface pada perangkat bergerak untuk SIA pejabat Universitas Sanata Dharma Yogyakarta menggunakan teknologi Java;I Binanto;Universitas Gadjah Mada;;1;2008;1537020024043028258;IWHjjKOFINEC;BlW48Z4AAAAJ
154;Pengujian dan pengkalibrasian model fisis stetoskop digital;BO Kase;Universitas Gadjah Mada;;1;2007;17928329595545099882;Zph67rFs4hoC;BlW48Z4AAAAJ
155;Rancang bangun sistem multimedia untuk pengenalan binatang serta pembelajaran huruf dan angka;D PRIYANTO;Universitas Gadjah Mada;;1;2006;11968581988382824890;N5tVd3kTz84C;BlW48Z4AAAAJ
156;Perancangan Format Penulisan Informasi Diagnosa Hasil X-Ray pada Citra Medis dengan Format SVG;S Wirawan, S Guritno, A Harjoko;;1st Seminar on Application and Research in Industrial Technology, SMART 2006;1;2006;6370394880413924867;_FxGoFyzp5QC;BlW48Z4AAAAJ
157;Sistem Informasi Perpustakaan Dengan Arsitektur Lima Simpul Dan Basisdata Terdistribusi;A Harjoko, H Wardhanat;Jurnal Fakultas Hukum UII;;1;2005;14068639881896418206;artPoR2Yc-kC;BlW48Z4AAAAJ
158;Sistem pendeteksi wajah manusia pada citra digital= Human face detection system on digital images;S Nugroho, A Harjoko;Sains dan Sibernatika;18 (2005);1;2005;16083139786467262370;eflP2zaiRacC;BlW48Z4AAAAJ
159;Sistem informasi rute perjalanan wisata:: Studi kasus obyek wisata Kabupaten Badung, Bali;GI Setiawan;Universitas Gadjah Mada;;1;2004;13407861591690612706;tKAzc9rXhukC;BlW48Z4AAAAJ
160;Deteksi Copy Move Forgery Pada Citra Menggunakan Exact Match, DWT Haar dan Daubechies;DR Sina, A Harjoko;IJEIS (Indonesian Journal of Electronics and Instrumentation Systems);6 (1;1;#N/A;15040489237912130060;ruyezt5ZtCIC;BlW48Z4AAAAJ
161;Komunikasi Data pada Sistem Instrumentasi Dan Kendali Proses Nitridasi Plasma;S Susilo, A Harjoko, T Taxwim;IJEIS (Indonesian Journal of Electronics and Instrumentation Systems);1 (1;1;#N/A;14480331701919107602;_Qo2XoVZTnwC;BlW48Z4AAAAJ
162;Otomasi Kamera Perangkap Menggunakan Deteksi Gerak dan Komputer Papan Tunggal;HD Cahya, A Harjoko;IJEIS (Indonesian Journal of Electronics and Instrumentation Systems);9 (1 …;0;2019;#N/A;ce2CqMG-AY4C;BlW48Z4AAAAJ
163;Error Detection and Correction System (EDAC) of On Board Data Handling (OBDH) in Real Time Operating System Behaviour;H Haryono, AE Putra, JE Istiyanto, A Harjoko;Scientific Research Journal;10 (2), 17-28;0;2019;#N/A;QYdC8u9Cj1oC;BlW48Z4AAAAJ
164;Vehicle Tracking using Kalman Filter based on Smart Video Sensor Architecture;I Imelda, A Harjoko, P Nurwantoro;;2018 3rd International Conference on Information Technology, Information …;0;2018;#N/A;kWvqk_afx_IC;BlW48Z4AAAAJ
165;Automated Detection of Retinal Nerve Fiber Layer by Texture-Based Analysis for Glaucoma Evaluation;A Septiarini, A Harjoko, R Pulungan, R Ekantini;Healthcare informatics research;24 (4), 335-345;0;2018;#N/A;HGTzPopzzJcC;BlW48Z4AAAAJ
166;Metode Penggabungan Daya Secara Adaptif Untuk Power Supply Hibrida;TW Supardi, A Harjoko;IJEIS (Indonesian Journal of Electronics and Instrumentation Systems);8 (2 …;0;2018;#N/A;Dem6FJhTUoYC;BlW48Z4AAAAJ
167;A proposed model for Javanese manuscript images transliteration;AR Widiarti, R Pulungan, A Harjoko, S Hartati;Journal of Physics: Conference Series;1098 (1), 012014;0;2018;#N/A;-7ulzOJl1JYC;BlW48Z4AAAAJ
168;Performance of SVM and ANFIS for Classification of Malaria Parasite and Its Life-Cycle-Stages in Blood Smear;S Hartati, A Harjoko, R Rosnelly, I Chandradewi;International Conference on Soft Computing in Data Science;110-121;0;2018;#N/A;OBSaB-F7qqsC;BlW48Z4AAAAJ
169;Multi-Character Fighting Simulation;R Wardoyo, A Harjoko, M Hariadi;International Journal of Intelligent Systems and Applications;10 (8), 1;0;2018;#N/A;NDuN12AVoxsC;BlW48Z4AAAAJ
170;FACE RECOGNITION BASED MOBILE USING FISHERFACE AND DISTANCE CLASSIFIER;INTA Putra;JST (Jurnal Sains dan Teknologi);7 (1), 135-145;0;2018;#N/A;PyEswDtIyv0C;BlW48Z4AAAAJ
171;Movement Direction Estimation on Video using Optical Flow Analysis on Multiple Frames;A Solichin, A Harjoko, AE Putra;INTERNATIONAL JOURNAL OF ADVANCED COMPUTER SCIENCE AND APPLICATIONS;9 (6 …;0;2018;#N/A;q-HalDI95KYC;BlW48Z4AAAAJ
172;Wrist detection based on a minimum bounding box and geometric features;A Sunyoto, A Harjoko, R Wardoyo, M Hariadi;Journal of King Saud University-Computer and Information Sciences;;0;2018;#N/A;WC9gN4BGCRcC;BlW48Z4AAAAJ
173;The Heredity of Cephalogram's Landmark Position in Javanese Population;G Brotosaputro, A Harjoko, Suharto, M Mudjosemedi, CA Farmasyanti;INTERNATIONAL JOURNAL OF COMPUTER SCIENCE AND NETWORK SECURITY;18 (4), 13-19;0;2018;#N/A;6bLC7aUMtPcC;BlW48Z4AAAAJ
174;Classification of cell types in Acute Myeloid Leukemia (AML) of M4, M5 and M7 subtypes with support vector machine classifier;A Setiawan, A Harjoko, T Ratnaningsih, E Suryani, S Palgunadi;;2018 International Conference on Information and Communications Technology …;0;2018;#N/A;U_HPUtbDl20C;BlW48Z4AAAAJ
175;Klasifikasi Mutu Pepaya Berdasarkan Ciri Tekstur GLCM Menggunakan Jaringan Saraf Tiruan;F Wibowo, A Harjoko;Khazanah Informatika: Jurnal Ilmu Komputer dan Informatika;3 (2), 100-104;0;2018;#N/A;NyGDZy8z5eUC;BlW48Z4AAAAJ
176;KLASIFIKASI CITRA WAJAH BERBASIS BLOK MENGGUNAKAN METODE DEEP EXTREME LEARNING MACHINE (DELM);CN FOLAMAUK, A Harjoko, ME Wibowo, S Kom, M Kom;Universitas Gadjah Mada;;0;2018;#N/A;CdxZDUztZiMC;BlW48Z4AAAAJ
177;The Classification of Abnormal Red Blood Cell on The Minor Thalassemia Case Using Artificial Neural Network and Convolutional Neural Network;DA Tyas, T Ratnaningsih, A Harjoko, S Hartati;Proceedings of the International Conference on Video and Image Processing …;;0;2017;#N/A;hsZV8lGYWTMC;BlW48Z4AAAAJ
178;Intelligent Traffic Monitoring Systems: Vehicles Detection, Tracking, And Counting using Haar Cascade Classifier And Optical Flow;A Harjoko, I Candradewi, AAA Bakhtiar;Proceedings of the International Conference on Video and Image Processing;49-55;0;2017;#N/A;yxmsSjX2EkcC;BlW48Z4AAAAJ
179;Pattern Recognition of Balinese Carving Motif Using Learning Vector Quantization (LVQ);IMA Mahawan, A Harjoko;International Conference on Soft Computing in Data Science;43-55;0;2017;#N/A;4X0JR2_MtJMC;BlW48Z4AAAAJ
180;The Selection Feature for Batik Motif Classification with Information Gain Value;AA Kasim, R Wardoyo, A Harjoko;International Conference on Soft Computing in Data Science;106-115;0;2017;#N/A;2tRrZ1ZAMYUC;BlW48Z4AAAAJ
181;Efficient K-Nearest Neighbor Searches for Multiple-Face Recognition in the Classroom based on Three Levels DWT-PCA;H Santoso, A Harjoko, AE Putra;INTERNATIONAL JOURNAL OF ADVANCED COMPUTER SCIENCE AND APPLICATIONS;8 (11 …;0;2017;#N/A;6yz0xqPARnAC;BlW48Z4AAAAJ
182;Ontology-based sentence extraction for answering why-question;AE Karyawati, E Winarko, A Harjoko;;2017 4th International Conference on Electrical Engineering, Computer …;0;2017;#N/A;L1USKYWJimsC;BlW48Z4AAAAJ
183;Low-cost 3D surface reconstruction using Stereo camera for small object;A Harjoko, RM Hujja, L Awaludin;;2017 International Conference on Signals and Systems (ICSigSys), 285-289;0;2017;#N/A;_OXeSy2IsFwC;BlW48Z4AAAAJ
184;The flow rate of debris estimation on the Sabo Dam area with video processing;A Harjoko, L Awaludin, RM Hujja;;2017 International Conference on Signals and Systems (ICSigSys), 57-61;0;2017;#N/A;GFxP56DSvIMC;BlW48Z4AAAAJ
185;Content Based Image Retrieval Berdasarkan Fitur Low Level: Literature Review;R Hidayat, A Harjoko, AK Sari;Jurnal Buana Informatika;8 (2);0;2017;#N/A;r_AWSJRzSzQC;BlW48Z4AAAAJ
186;METODE PENINGKATAN KUALITAS CITRA MEDIS: LITERATURE REVIEW;K Hidjah, A Harjoko, AK Sari;SEMNASTEKNOMEDIA ONLINE;5 (1), 4-3-25;0;2017;#N/A;LhH-TYMQEocC;BlW48Z4AAAAJ
187;Pengenalan Tulisan Tangan Aksara Bali Menggunakan Convolutional Neural Network;IKA GW, A Harjoko;Universitas Gadjah Mada;;0;2017;#N/A;3NQIlFlcGxIC;BlW48Z4AAAAJ
188;PENGENALAN TOPENG BALI MENGGUNAKAN ALGORITMA CONVOLUTIONAL NEURAL NETWORK;A Harjoko;Universitas Gadjah Mada;;0;2017;#N/A;-mN3Mh-tlDkC;BlW48Z4AAAAJ
189;Metode Ekstraksi Ciri Glaukoma Berdasarkan Optic Nerve Head Dan Retinal Nerve Fiber Layer Pada Citra Fundus Retina;A Septiarini;Universitas Gadjah Mada;;0;2017;#N/A;7H_MAutzIkAC;BlW48Z4AAAAJ
190;PENGENALAN POLA MOTIF UKIRAN BALI MENGGUNAKAN HISTOGRAM OF ORIENTED GRADIENT (HOG) DAN LEARNING VECTOR QUANTIZATION (LVQ);IMA MAHA;Universitas Gadjah Mada;;0;2017;#N/A;7wO8s98CvbsC;BlW48Z4AAAAJ
191;Case-Based Reasoning untuk Doagnosis Penyakit Stroke;N RUMUI;Universitas Gadjah Mada;;0;2017;#N/A;WHdLCjDvYFkC;BlW48Z4AAAAJ
192;PENGENALAN WAJAH MENGGUNAKAN SCALE INVARIANT FEATURE TRANSFORM (SIFT) DAN HIERARCHICAL AGGLOMERATIVE CLUSTERING (HAC);D SHIYAMAWATI;Universitas Gadjah Mada;;0;2017;#N/A;1taIhTC69MYC;BlW48Z4AAAAJ
193;IDENTIFIKASI DAGING SAPI DAN BABI BERDASARKAN FITUR TEKSTUR CITRA DIGITAL;K ANWAR, A Harjoko;Universitas Gadjah Mada;;0;2017;#N/A;IaI1MmNe2tcC;BlW48Z4AAAAJ
194;FRAMEWORK PENGUJIAN OTOMATIS DENGAN PENDEKATAN BLACK BOX TESTING DAN KEYWORD-DRIVEN;PP WENIWANDARI;Universitas Gadjah Mada;;0;2017;#N/A;7BrZ7Jt4UNcC;BlW48Z4AAAAJ
195;ANALISIS ARAH PERGERAKAN PADA VIDEO MENGGUNAKAN CIRI OPTICAL FLOW;A SOLICHIN;Universitas Gadjah Mada;;0;2017;#N/A;MpfHP-DdYjUC;BlW48Z4AAAAJ
196;Energy Monitoring pada Solar Cell Photovoltaic (PV);AW PURNOMO;Universitas Gadjah Mada;;0;2017;#N/A;v1_lew4L6wgC;BlW48Z4AAAAJ
197;PENINGKATAN AKURASI ALGORITME WATERSHED UNTUK SEGMENTASI CITRA (Studi Kasus: Partitur Notasi Angka yang Ditulis Tangan);K PINARYANTO, A Harjoko;Universitas Gadjah Mada;;0;2017;#N/A;jgBuDB5drN8C;BlW48Z4AAAAJ
198;KLASIFIKASI SUBTIPE PENYAKIT ACUTE MYELOID LEUKEMIA M1, M2 DAN M3 DENGAN SEGMENTASI ACTIVE CONTOUR WITHOUT EDGE DAN MOMENTUM BACKPROPAGATION ARTIFICIAL NEURAL NETWORK;NP TP;Universitas Gadjah Mada;;0;2017;#N/A;ALROH1vI_8AC;BlW48Z4AAAAJ
199;IMPLEMENTASI PENGOLAHAN CITRA DIGITAL PADA ROBOT BERODA PEMINDAH BARANG;MM HAQ;Universitas Gadjah Mada;;0;2017;#N/A;otzGkya1bYkC;BlW48Z4AAAAJ
200;Image Mining in Remote Sensing for Coastal Wetlands Monitoring: an Information-driven Framework Perspective;NURM FARDA;Universitas Gadjah Mada;;0;2017;#N/A;buQ7SEKw-1sC;BlW48Z4AAAAJ
201;Erratum toIndonesian syllabification using a pseudo nearest neighbour rule and phonotactic knowledge'[Speech Communication 85 (2016) 109–118];S Suyanto, S Hartati, A Harjoko, D Van Compernolle;Speech Communication;47;0;2017;#N/A;OR75R8vi5nAC;BlW48Z4AAAAJ
202;Music Recommendation System Based on Context Using Case-Based Reasoning and Self Organizing Map;GAVM Giri, A Harjoko;Indonesian Journal of Electrical Engineering and Computer Science;4 (2), 459-464;0;2016;#N/A;F9fV5C73w3QC;BlW48Z4AAAAJ
203;The Implementation of the Javanese Lettered-Manuscript Image Preprocessing Stage Model on the Batak Lettered-Manuscript Image;AR Widiarti, A Harjoko, S Hartati;World Academy of Science, Engineering and Technology, International Journal …;;0;2016;#N/A;a9-T7VOCCH8C;BlW48Z4AAAAJ
204;Palm oil plantation area clusterization for monitoring;A Frisky, A Harjoko;;2016 2nd International Conference on Science and Technology-Computer (ICST …;0;2016;#N/A;fFSKOagxvKUC;BlW48Z4AAAAJ
205;Dataset feature reduction using independent component analysis with contrast function of particle swarm optimization on hyperspectral image classification;A Harjoko;;2016 2nd International Conference on Science in Information Technology …;0;2016;#N/A;OcBU2YAGkTUC;BlW48Z4AAAAJ
206;Klasifikasi Bibit Sapi Peranakan Ongole Menggunakan Metode Pengolahan Citra;L Fatqiyah, A Harjoko;IJEIS (Indonesian Journal of Electronics and Instrumentation Systems);6 (2 …;0;2016;#N/A;a3BOlSfXSfwC;BlW48Z4AAAAJ
207;RANCANG BANGUN LOCATION BASED SERVICE SEBAGAI SARANA PROMOSI MENGGUNAKAN TEKNIK LAYANAN MOBILE COUPON;I Arfiani, A Harjoko;JIKO (Jurnal Informatika dan Komputer);1 (2);0;2016;#N/A;KbBQZpvPDL4C;BlW48Z4AAAAJ
208;Year of Publication: 2016;K Anwar, A Harjoko, S Suharto;;;0;2016;#N/A;sszUF3NjhM4C;BlW48Z4AAAAJ
209;IDENTIFIKASI KANOPI KELAPA SAWIT DENGAN PENDEKATAN MORFOLOGI SKELETON DAUN;I FERIANTO, A Harjoko;Universitas Gadjah Mada;;0;2016;#N/A;LPtt_HFRSbwC;BlW48Z4AAAAJ
210;KESIAPAN PENERAPAN SISTEM INFORMASI MANAJEMEN PUSKESMAS (SIMPUS) DI KOTA BIMA;W HAKIM, A Harjoko, L Lazuardi, M Kes;Universitas Gadjah Mada;;0;2016;#N/A;CB2v5VPnA5kC;BlW48Z4AAAAJ
211;KLASIFIKASI KEPADATAN LALU LINTAS PADA SIMPANG BERSINYAL MENGGUNAKAN FUZZY LEARNING VECTOR QUANTIZATION;P UTOMO, A Harjoko;Universitas Gadjah Mada;;0;2016;#N/A;PYBJJbyH-FwC;BlW48Z4AAAAJ
212;ANALISA KEMAMPUAN SISTEM SINGLE DAN DUAL GPS DENGAN SINYAL C/A DAN CARRIER;RM Hujja;Universitas Gadjah Mada;;0;2016;#N/A;wKETBy42zhYC;BlW48Z4AAAAJ
213;KLASIFIKASI MUTU BUAH PEPAYA (CARICA PAPAYA L) DENGAN TEKNOLOGI PENGOLAHAN CITRA DIGITAL DAN JARINGAN SARAF TIRUAN;F WIBOWO;Universitas Gadjah Mada;;0;2016;#N/A;MhiOAD_qIWkC;BlW48Z4AAAAJ
214;Silabifikasi Fonemis Bahasa Indonesia Menggunakan Pseudo Nearest Neighbour Rule dan Kaidah Fonotaktik;S Hartati, A Harjoko;Universitas Gadjah Mada;;0;2016;#N/A;nRpfm8aw39MC;BlW48Z4AAAAJ
215;MULTIMODAL BIOMETRIKA DENGAN MULTI REPRESENTASI PADA TELAPAK TANGAN;NIMARI PRATIWI;Universitas Gadjah Mada;;0;2016;#N/A;PaBasH6fAo0C;BlW48Z4AAAAJ
216;POWER SUPPY HIBRIDA UNTUK SISTEM KOMPUTER LAYANAN PUBLIK;TRIW SUPARDI, A Harjoko;Universitas Gadjah Mada;;0;2016;#N/A;7Hz3ACDFbsoC;BlW48Z4AAAAJ
217;Klasifikasi Mutu Buah Mangga dengan Menggunakan Jaringan Saraf Tiruan;A Harjoko;Universitas Gadjah Mada;;0;2016;#N/A;cK4Rrx0J3m0C;BlW48Z4AAAAJ
218;IMAGE PROCESSING APPLICATION FOR TONGUE DIAGNOSIS;AA HUDA, A Harjoko;Universitas Gadjah Mada;;0;2016;#N/A;kVjdVfd2voEC;BlW48Z4AAAAJ
219;Implementasi Algoritma Pengenalan Wajah Untuk Password Handphone Berbasis Android;G Pramudya;Universitas Gadjah Mada;;0;2016;#N/A;BzfGm06jWhQC;BlW48Z4AAAAJ
220;Sistem Informasi Risiko Kemunculan Rip Current Menggunakan Decision Tree C4. 5;ML Radhitya, S KOM, A Harjoko;Universitas Gadjah Mada;;0;2016;#N/A;43bX7VzcjpAC;BlW48Z4AAAAJ
221;Jaringan Saraf Tiruan Levenberg-Marquardt untuk Deteksi Sel Limfoblas;DM Pangestuty;Universitas Gadjah Mada;;0;2016;#N/A;lgwcVrK6X84C;BlW48Z4AAAAJ
222;ARTS: IMPLEMENTASI TEKNOLOGI AUGMENTED REALITY PADA APLIKASI TUNTUNAN SHALAT BERBASIS ANDROID;NURR HIDAYATIN;Universitas Gadjah Mada;;0;2016;#N/A;gKiMpY-AVTkC;BlW48Z4AAAAJ
223;Klasifikasi Menggunakan Jaringan Saraf Tiruan Untuk Menentukan Mutu Biji Kopi Arabika;AU MAULANA;Universitas Gadjah Mada;;0;2016;#N/A;HeT0ZceujKMC;BlW48Z4AAAAJ
224;Year of Publication: 2016;S Sankar, I Mahmood, JAK BaniYounis;;;0;2016;#N/A;9pM33mqn1YgC;BlW48Z4AAAAJ
225;The applying of the hardware-based reconfiguration for autonomous control systems of space mobile robots;VD Ivchenko, PG Krug, MV Kurakov, EN Matyukhina, SA Pavelyev, ...;Journal of Theoretical and Applied Information Technology;82 (1), 1-12;0;2015;#N/A;e_rmSamDkqQC;BlW48Z4AAAAJ
226;THE EXTRACTION AND THE RECOGNITION OF FACIAL FEATURE STATE TO EMOTION RECOGNITION BASED ON CERTAINTY FACTOR;IGA Gunadi, A Harjoko, R Wardoyo, N Ramdhani;Journal of Theoretical and Applied Information Technology;82 (1), 113;0;2015;#N/A;b1wdh0AR-JQC;BlW48Z4AAAAJ
227;Grid-based Histogram of Oriented Optical Flow for analyzing movements on video data;A Solichin, A Harjoko, AE Putra;;2015 International Conference on Data and Software Engineering (ICoDSE), 114-119;0;2015;#N/A;tYavs44e6CUC;BlW48Z4AAAAJ
228;CASCADED IMAGE STEGANOGRAPHY TO INCREASE ROBUSTNESS AGAINTS ATTACK OF THE STEGO IMAGE;EIH Ujianto, A Harjoko, R Wardoyo, A Moesriami;Journal of Theoretical and Applied Information Technology;79 (3), 499;0;2015;#N/A;ML0RJ9NH7IQC;BlW48Z4AAAAJ
229;Face Tracking dan Distance Estimation pada Realtime Video Menggunakan 3d Stereo Vision Camera;E Winarno, A Harjoko;Seminar Nasional Informatika (SEMNASIF);1 (1);0;2015;#N/A;XD-gHx7UXLsC;BlW48Z4AAAAJ
230;PROTOTYPE SISTEM INFORMASI MANAJEMEN KEPEGAWAIAN DI RSUD PROF. DR. HM CHATIB QUZWAIN KABUPATEN SAROLANGUN;A Harjoko, L Lazuardi, M Kes;Universitas Gadjah Mada;;0;2015;#N/A;jU7OWUQzBzMC;BlW48Z4AAAAJ
231;Perancangan Reminder System untuk Meningkatkan Kepatuhan Pengobatan Pasien Diabetes Mellitus;IK LUBIS, A Harjoko, FST Dewi;Universitas Gadjah Mada;;0;2015;#N/A;WC23djZS0W4C;BlW48Z4AAAAJ
232;PENGENALAN WAJAH MENGGUNAKAN METODE EIGENFACE UNTUK PRESENSI MAHASISWA DI LABORATORIUM UNIT LAYANAN INSTRUMENTASI FMIPA UGM;Y ADITYANTARA;Universitas Gadjah Mada;;0;2015;#N/A;kw52XkFRtyQC;BlW48Z4AAAAJ
233;PERBAIKAN KUALITAS DENGAN CLAHE DAN SEGMENTASI OTOMATIS DENGAN WATERSHED TRANSFORMATION PADA CITRA BAWAH AIR;L RUCHAINI;Universitas Gadjah Mada;;0;2015;#N/A;FiytvqdAVhgC;BlW48Z4AAAAJ
234;Modified Least Significant dan Signal to Noise Ratio pada Steganografi Sinyal Audio;W ARIANDI;Universitas Gadjah Mada;;0;2015;#N/A;j7_hQOaDUrUC;BlW48Z4AAAAJ
235;Identifikasi Telinga Berdasarkan Fitur Geometrik;AC SIREGAR, A Harjoko;Universitas Gadjah Mada;;0;2015;#N/A;LdasjJ6CEcoC;BlW48Z4AAAAJ
236;DETEKSI KETERATURAN PERGERAKAN DAN PERHITUNGAN JUMLAH ORANG PADA DATA VIDEO DIGITAL;U Zaky;Universitas Gadjah Mada;;0;2015;#N/A;zCSUwVk65WsC;BlW48Z4AAAAJ
237;PENGENALAN WAJAH DUAL VISION DENGAN METODE HALF-JOIN MENGGUNAKAN STEREO VISION CAMERA;EDY WINARNO;Universitas Gadjah Mada;;0;2015;#N/A;48xauSegjOkC;BlW48Z4AAAAJ
238;Stegano Citra Bertingkat (Cascaded Image Steganography);EIH UJIANTO;Universitas Gadjah Mada;;0;2015;#N/A;anf4URPfarAC;BlW48Z4AAAAJ
239;Segmentasi Tulang Kortikal pada Citra Dental Panoramic Radiograph;TA Kumala, A Harjoko;IJEIS (Indonesian Journal of Electronics and Instrumentation Systems);6 (1 …;0;2015;#N/A;Ug5p-4gJ2f0C;BlW48Z4AAAAJ
240;IMPLEMENTASI METODE HAAR UNTUK MELACAK WAJAH SECARA OTOMATIS PADA QUADROTOR;FA NOTO;Universitas Gadjah Mada;;0;2015;#N/A;S16KYo8Pm5AC;BlW48Z4AAAAJ
241;IMPLEMENTASI PENGOLAHAN CITRA DIGITAL PADA KANVAS LUKIS VIRTUAL SEBAGAI ANTARMUKA PADA APLIKASI BERBASIS WEB;YRN Latief;Universitas Gadjah Mada;;0;2015;#N/A;tuHXwOkdijsC;BlW48Z4AAAAJ
242;PENGARUH PENERAPAN POINT OPERATION IMAGE ENHANCEMENT PADA CITRA PENAMPUNG TERHADAP KAPASITAS PESAN PADA STEGANOGRAFI DCT SEKUENSIAL DAN STEGANOGRAFI DCT F5;DH ZULFIKAR;Universitas Gadjah Mada;;0;2015;#N/A;kuK5TVdYjLIC;BlW48Z4AAAAJ
243;Kesiapan Penerapan Rekam Medis Elektronik di Instalasi Rawat Jalan RSUD Dr. H. Abdul Moeloek Provinsi Lampung;IKA SUDIRAHAYU;Universitas Gadjah Mada;;0;2015;#N/A;KUbvn5osdkgC;BlW48Z4AAAAJ
244;A Comparative Study of Thresholding Algorithms on Breast Area and Fibroglandular Tissue;S Hartati, A Harjoko, L Choridah;Editorial Preface;6 (1);0;2015;#N/A;p__nRnzSRKYC;BlW48Z4AAAAJ
245;DETEKSI COPY MOVE FORGERY PADA CITRA MENGGUNAKAN METODE EXACT MATCH, DWT HAAR DAN DAUBECHIES;DR SINA;Universitas Gadjah Mada;;0;2015;#N/A;BUYA1_V_uYcC;BlW48Z4AAAAJ
246;Purwarupa Pengkondisi Suhu Ruangan Dengan Kipas Motor AC Menggunakan Sistem Kontrol Logika Fuzzy;AD Harisna;Universitas Gadjah Mada;;0;2015;#N/A;_Re3VWB3Y0AC;BlW48Z4AAAAJ
247;Development of Face Recognition System and Face Distance Estimation Using Stereo Vision Camera;A Harjoko;;;0;2014;#N/A;j8SEvjWlNXcC;BlW48Z4AAAAJ
248;Pengenalan Nomor Seri Tabung Gas Medis Menggunakan Jaringan Syaraf Tiruan Back Propagation;A Prahara, A Harjoko;IJEIS (Indonesian Journal of Electronics and Instrumentation Systems);4 (2 …;0;2014;#N/A;TIZ-Mc8IlK0C;BlW48Z4AAAAJ
249;Sistem Pengenalan Ucapan untuk Angka dalam Bahasa Indonesia Menggunakan Elman Recurrent Neural Network yang Dioptimasi dengan Particle Swarm Optimization;M FACHRIE;Universitas Gadjah Mada;;0;2014;#N/A;1lhNe0rCu4AC;BlW48Z4AAAAJ
250;PENGHITUNGAN SEL TROMBOSIT DENGAN METODE DISTANCE TRANSFORM;P PURISHA;Universitas Gadjah Mada;;0;2014;#N/A;AvfA0Oy_GE0C;BlW48Z4AAAAJ
251;Nav view search;H Mustafidah, S Hartati, R Wardoyo, A Harjoko, A Harjoko;;;0;2014;#N/A;5awf1xo2G04C;BlW48Z4AAAAJ
252;METODE IDENTIFIKASI JENIS KAYU BERDASARKAN MODEL BLOK CITRA MIKROSKOPIS PENAMPANG LINTANG;S Gasim;Universitas Gadjah Mada;;0;2014;#N/A;dTyEYWd-f8wC;BlW48Z4AAAAJ
253;The k-Language Classification, a Proposed New Theory for Image Classification and Clustering at Pixel Level;A Alwi, R Wardoyo, A Harjoko, M Muslim, S Kom;EPJ Web of Conferences;68, 00008;0;2014;#N/A;sSrBHYA8nusC;BlW48Z4AAAAJ
254;SISTEM PENDUKUNG KEPUTUSAN UNTUK MENENTUKAN LOKASI SEMINAR;A Harjoko;Universitas Gadjah Mada;;0;2014;#N/A;Tiz5es2fbqcC;BlW48Z4AAAAJ
255;IDENTIFIKASI GEJALA PENYAKIT TANAMAN JERUK MENGGUNAKAN FAST FOURIER TRANSFORM DAN LOCAL BINARY PATTERN DENGAN PROBABILISTIC NEURAL NETWORK;M Widyaningsih;Universitas Gadjah Mada;;0;2014;#N/A;ns9cj8rnVeAC;BlW48Z4AAAAJ
256;PENGGUNAAN GERAK DAN ISYARAT TANGAN SEBAGAI ANTARMUKA PADA APLIKASI PERANGKAT BERGERAK;ML PAMBUDI;Universitas Gadjah Mada;;0;2014;#N/A;blknAaTinKkC;BlW48Z4AAAAJ
257;Development of face recognition system and face distance estimation using stereo vision camera;E Winarno, A Harjoko, AM Arymurthy, E Winarko;Journal Of Theoretical And Applied Information Technology;67 (3), 652-657;0;2014;#N/A;L8Ckcad2t8MC;BlW48Z4AAAAJ
258;KLASIFIKASI KANKER USUS BESAR BERBASIS PENGOLAHAN CITRA DIGITAL DENGAN METODE RADIAL BASIS FUNCTION (RBF);N SULISTIYANA;Universitas Gadjah Mada;;0;2014;#N/A;dhFuZR0502QC;BlW48Z4AAAAJ
259;Combination of statistic and structural approach to scripts segmentation from line segmentation of Javanese manuscript image;AR Widiarti, A Harjoko, S Hartati;;2013 Digital Heritage International Congress (DigitalHeritage) 1, 775-775;0;2013;#N/A;J-pR_7NvFogC;BlW48Z4AAAAJ
260;Combination of statistic and structural approach to scripts segmentation from line segmentation of Javanese manuscript image;AR Widiarti, A Harjoko, S Hartati;;2013 Digital Heritage International Congress (DigitalHeritage) 1, 775-775;0;2013;#N/A;YOwf2qJgpHMC;BlW48Z4AAAAJ
261;Analisis Kinematika Balik pada Kendali Robot Lengan Dental Light Berbasis Pengolahan Citra Digital Berdasarkan Isyarat Tangan;SH Prabantara, A Harjoko;IJEIS (Indonesian Journal of Electronics and Instrumentation Systems);3 (2 …;0;2013;#N/A;qxL8FJ1GzNcC;BlW48Z4AAAAJ
262;Model Tree-Structured Markov Random Fields (TS-MRF) pada Segmentasi Terawasi Data Citra Multispektral;A Harjoko, S Hartati;JTET (Jurnal Teknik Elektro Terapan);2 (2);0;2013;#N/A;oNZyr7d5Mn4C;BlW48Z4AAAAJ
263;Image Blocks Model for Improving Accuracy in Identification Systems of Wood Type;A Harjoko, KB Seminar, S Hartati;Image;4 (6);0;2013;#N/A;WF5omc3nYNoC;BlW48Z4AAAAJ
264;Kinetics Model of Tomato Quality Changes During Storage;RE Masithoh, B Rahardjo, L Sutiarso, A Harjoko;Jurnal Teknologi Pertanian;14 (1);0;2013;#N/A;WbkHhVStYXYC;BlW48Z4AAAAJ
265;Telaah Pustaka Ciri dan Metode-metode Identifikasi Kuman Mycobacteria Tuberculosis;N Charibaldi, A Harjoko;IJEIS (Indonesian Journal of Electronics and Instrumentation Systems);3 (1 …;0;2013;#N/A;kRWSkSYxWN8C;BlW48Z4AAAAJ
266;The Use Of Color, Wavelet Coefficient and Texture Features;KH Awang, A Harjoko;IJCCS (Indonesian Journal of Computing and Cybernetics Systems);1 (1);0;2013;#N/A;08ZZubdj9fEC;BlW48Z4AAAAJ
267;PENCARIAN CITRA BERBASIS TEKSTUR UNTUK PENGENALAN LOKASI;AF Sofyan, A Harjoko;SEMNASTEKNOMEDIA ONLINE;1 (1), 06-7;0;2013;#N/A;EYYDruWGBe4C;BlW48Z4AAAAJ
268;Error Detection and Correction System (EDAC) of On Board Data Handling (OBDH) in real time operating system behaviour/Haryono...[et al.];A Eko Putra, JE Istiyanto, A Harjoko;Scientific Research Journal;10 (2), 17-28;0;2013;#N/A;kh2fBNsKQNwC;BlW48Z4AAAAJ
269;PENENTUAN KELAS GENRE LAGU PADA FORM AT WAV;N TAMATJITA;Universitas Gadjah Mada;;0;2013;#N/A;35r97b3x0nAC;BlW48Z4AAAAJ
270;PURWARUPA ROBOT LENGAN PEMILAH OBJEK BERDASARKAN LABEL TULISAN SECARA REALTIME A PROTOTYPE OF REALTIME OBJECT CLASSIFIER ARM ROBOT BASED ON TEXT LABEL;BNW BIMANTAKA;Universitas Gadjah Mada;;0;2013;#N/A;JQOojiI6XY0C;BlW48Z4AAAAJ
271;Purwarupa Pengoperasian TV Dengan Mendeteksi Isyarat Jari Berbasis Pengolahan Citra Digital;HO Wibawa, A Harjoko;IJEIS (Indonesian Journal of Electronics and Instrumentation Systems);5 (1 …;0;2013;#N/A;JoZmwDi-zQgC;BlW48Z4AAAAJ
272;PENGENALAN NOMOR SERI PADA TABUNG GAS MEDIS MENGGUNAKAN JARINGAN SYARAF TIRUAN BACK PROPAGATION;A PRAHARA;Universitas Gadjah Mada;;0;2013;#N/A;t6usbXjVLHcC;BlW48Z4AAAAJ
273;PURWARUPA PENDETEKSI PERGERAKAN BOLA DENGAN PEMILAHAN WARNA BERBASIS PENGOLAHAN CITRA DIGITAL;WS DIMARGA;Universitas Gadjah Mada;;0;2013;#N/A;8AbLer7MMksC;BlW48Z4AAAAJ
274;PENYEMBUNYIAN DATA PADA FILE VIDEO DENGAN MENGGUNAKAN METODE LEAST SIGNIFICANT BIT DAN DISCRETE COSINE TRANSFORM;M YUNUS;Universitas Gadjah Mada;;0;2013;#N/A;vRqMK49ujn8C;BlW48Z4AAAAJ
275;Layar Sentuh Berbasis FTIR (Frustrated Total Internal Reflection) Sebagai Papan Tulis Elektronik;AS Sari, A Harjoko, TW Widodo;IJEIS (Indonesian Journal of Electronics and Instrumentation Systems);4 (2 …;0;2013;#N/A;bFI3QPDXJZMC;BlW48Z4AAAAJ
276;PENGENALAN HAND GESTURE DINAMIS MENGGUNAKAN JARINGAN SYARAF TIRUAN MULTI-LAYER PERCEPTRON DENGAN METODE PEMBELAJARAN BACKPROPAGATION;Y Lukito;Universitas Gadjah Mada;;0;2013;#N/A;bEWYMUwI8FkC;BlW48Z4AAAAJ
277;Purwarupa Sistem Tracking Sungai Menggunakan Unmanned Aerial Vehicle;D Rahmawati, A Harjoko, R Sumiharto;IJEIS (Indonesian Journal of Electronics and Instrumentation Systems);3 (2 …;0;2013;#N/A;RHpTSmoSYBkC;BlW48Z4AAAAJ
278;KLASIFIKASI KANKER PADA CITRA MAMMOGRAM BERDASARKAN FITUR BENTUK;M Sholihin, A Harjoko;Universitas Gadjah Mada;;0;2013;#N/A;mB3voiENLucC;BlW48Z4AAAAJ
279;ACKA 500 WATT POWER AMPLIFIER FOR A 144 MHZ CHANNEL BASED ON A VHF PUSH-PULL POWER MOS TRANSISTOR;A Harjoko, TW Supardi;Journal of Computer Science;9 (10), 1323-1328;0;2013;#N/A;qUcmZB5y_30C;BlW48Z4AAAAJ
280;REKAYASA SISTEM IDENTIFIKASI RELIEF PADA SITUS BERSEJARAH MENGGUNAKAN PERANGKAT MOBILE (STUDI KASUS CANDI BOROBUDUR);RA Yunmar;Universitas Gadjah Mada;;0;2013;#N/A;ZeXyd9-uunAC;BlW48Z4AAAAJ
281;Penentuan klas sidik jari berdasarkan fitur pola garis (line pattern);S Suwarno, A Harjoko;;;0;2012;#N/A;NhqRSupF_l8C;BlW48Z4AAAAJ
282;Perbandingan Pewarnaan Citra Grayscale Menggunakan Metode K-Means Clustering dan Agglomerative Hierarchical Clustering;M Safrizal, A Harjoko;BIMIPA;23 (3), 255-263;0;2012;#N/A;5ugPr518TE4C;BlW48Z4AAAAJ
283;PART OF SPEECH TAGGING TEKS BERBAHASA INDONESIA MENGGUNAKAN METODE HIDDEN MARKOV MODEL DAN RULE BASED;K Widhiyanti, S Kom;Universitas Gadjah Mada;;0;2012;#N/A;wbdj-CoPYUoC;BlW48Z4AAAAJ
284;Video Retrieval Berdasarkan Teks dan Gambar;R Hidayati, A Harjoko;IJCCS (Indonesian Journal of Computing and Cybernetics Systems);7 (1), 77-88;0;2012;#N/A;5Ul4iDaHHb8C;BlW48Z4AAAAJ
285;Method and Technique in Medical Imaging: an Overview;E Ermatita, A Harjoko;PROCEEDINGS OF CONFERENCE ON INFORMATION TECHNOLOGY AND ELECTRICAL ENGINEERING;;0;2012;#N/A;XiSMed-E-HIC;BlW48Z4AAAAJ
286;HAND GESTURE RECOGNITION MENGGUNAKAN METODE SEGMENTASI WARNA KULIT DAN CENTER OF GRAVITY UNTUK TRANSLASI BAHASA ISYARAT SECARA REAL-TIME;W Kurniawan, A Harjoko;Text;;0;2012;#N/A;dshw04ExmUIC;BlW48Z4AAAAJ
287;PENGENALAN SUARA UCAPAN SUKU KATA BAHASA LISAN BAHASA INDONESIA DENGAN MENGGUNAKAN CIRI LPC, MFCC DAN JARINGAN SYARAF TIRUAN;S Abriyono;Universitas Gadjah Mada;;0;2012;#N/A;u_35RYKgDlwC;BlW48Z4AAAAJ
288;PENGGABUNGAN 2D MOMENT INVARIANT DAN JARINGAN SYARAF TIRUAN UNTUK KLASIFIKASI DAUN TANAMAN ANGGREK;A Harjoko;Text;;0;2012;#N/A;mVmsd5A6BfQC;BlW48Z4AAAAJ
289;Pembuatan Sistem Instrumentasi dan Kendali (SIK) Kevakuman dan Sistem Pewaktu Proses Nitridasi Plasma Menggunakan Super PLC T100MD1616+;AP Nurwendo, A Harjoko, S Santosa;IJEIS (Indonesian Journal of Electronics and Instrumentation Systems);1 (2 …;0;2011;#N/A;ULOm3_A8WrAC;BlW48Z4AAAAJ
290;Prototipe Meter Daya Digital Berbasis Mikrokontroler ATMEGA8535;T Widiana, A Harjoko;IJEIS (Indonesian Journal of Electronics and Instrumentation Systems);1 (1 …;0;2011;#N/A;HoB7MX3m0LUC;BlW48Z4AAAAJ
291;PERANCANGAN SPIROMETER MENGGUNAKAN SENSOR TEKANAN MPX2010DP;LAS Lapono;Universitas Gadjah Mada;;0;2011;#N/A;VOx2b1Wkg3QC;BlW48Z4AAAAJ
292;REVERSIBLE WATERMARKING DENGAN METODE MODIFIKASI HISTOGRAM PADA DIFFERENCE IMAGE;YRW Utami;Universitas Gadjah Mada;;0;2011;#N/A;ldfaerwXgEUC;BlW48Z4AAAAJ
293;METODE PENGENALAN WAJAH MENGGUNAKAN HISTOGRAM WARNA LOKAL;A RAHIM;Universitas Gadjah Mada;;0;2011;#N/A;hC7cP41nSMkC;BlW48Z4AAAAJ
294;WATERMARKING DENGAN METODE TRANSFORMASI INTEGER UNTUK AUTENTIKASI CITRA BERWARNA;H Arif Wibawa, A Harjoko;PROSIDING SEMINAR NASIONAL ILMU KOMPUTER UNIVERSITAS DIPONEGORO;2010;0;2010;#N/A;yD5IFk8b50cC;BlW48Z4AAAAJ
295;MADM methods in solving group decision support system on gene mutations detection simulation;S Hartati, R Wardoyo, A Harjoko;;2010 International Conference on Distributed Frameworks for Multimedia …;0;2010;#N/A;EUQCXRtRnyEC;BlW48Z4AAAAJ
296;Sistem tutor bahasa Mandarin berbasis multumedia dengan pengecekan intonasi suara berdasarkan ciri energi pada domain waktu;D OCTAVIANI, A Harjoko;Text;;0;2010;#N/A;IUKN3-7HHlwC;BlW48Z4AAAAJ
297;Sistem biometrika sidik bibir berbasis fraktal;D NURSANTIKA, A Harjoko;Text;;0;2010;#N/A;OTTXONDVkokC;BlW48Z4AAAAJ
298;Sistem informasi pariwisata berbasis web dengan tampilan melalui peta:: Studi kasus pada Pemerintah Daerah Kabupaten Batang;A Harjoko;Text;;0;2010;#N/A;IRz6iEL74y4C;BlW48Z4AAAAJ
299;Sistem informasi penjualan mobil berbasis web dan symbian dengan memanfaatkan metode visual architecting process:: Studi kasus CV. Cahaya Mobilindo;HD KESUMA;Universitas Gadjah Mada;;0;2010;#N/A;2VqYfGB8ITEC;BlW48Z4AAAAJ
300;Penerapan teknologi web service untuk layanan informasi borang akreditasi program studi di Universitas Sains dan Teknologi Jayapura;Y PALUMPUN;Universitas Gadjah Mada;;0;2010;#N/A;-_dYPAW6P2MC;BlW48Z4AAAAJ
301;Klasifikasi musik berdasarkan parameter mood menggunakan metode klasifikasi k-Nearest Neighbour dan self organizing map:: Studi kasus pada lagu anak;KC DEWI;Universitas Gadjah Mada;;0;2010;#N/A;eq2jaN3J8jMC;BlW48Z4AAAAJ
302;Pengenalan karakter pada plat nomor mobil menggunakan Thinning dan Blocking;N WAKHIDAH;Universitas Gadjah Mada;;0;2010;#N/A;_B80troHkn4C;BlW48Z4AAAAJ
303;Perbandingan kemiripan naskah dokumen teks dengan metode exact match;A Harjoko;Universitas Gadjah Mada;;0;2010;#N/A;tkaPQYYpVKoC;BlW48Z4AAAAJ
304;Medical Imaging Untuk Analisis Ekspresi Gen Dalam Deteksi Penyakit;E Ermatita, S Hartati, A Harjoko;The International Conference on Computer and Mathematical Sciences;2010;0;2010;#N/A;eJXPG6dFmWUC;BlW48Z4AAAAJ
305;MADM Methods in solving Group Decission Support system on Gene Mutations Detections Simulation;E Zuhairi, S Hartati, R Wardoyo, A Harjoko;;;0;2010;#N/A;l7t_Zn2s7bgC;BlW48Z4AAAAJ
306;Group Decision Support System solution by ELECTRE Methods and Preferences ordered Vector Format (Detection of Genen Mutations Simulation);E Zuhairi, S Hartati, R Wardoyo, A Harjoko;;;0;2010;#N/A;70eg2SAEIzsC;BlW48Z4AAAAJ
307;Studi komparatif sistem temu kembali informasi dokumen berbahasa Indonesia dengan pengukuran kemiripan menggunakan metode Cosine dan Dice serta stemming berbasis kamus dan …;A MUGIYONO;Universitas Gadjah Mada;;0;2010;#N/A;r0BpntZqJG4C;BlW48Z4AAAAJ
308;Identifikasi landmark sephalometri menggunakan algoritma projected principal edge distribution (PPED);IPN PURNAMA;Universitas Gadjah Mada;;0;2010;#N/A;4JMBOYKVnBMC;BlW48Z4AAAAJ
309;Sistem penelusuran dan investigasi citra digital pada konten web site;D RAHARDIANTORO;Universitas Gadjah Mada;;0;2009;#N/A;UHK10RUVsp4C;BlW48Z4AAAAJ
310;Pengklusteran perusahaan dengan fuzzy substractive clustering berdasarkan rasio keuangan;LD KURNIAWATI;Universitas Gadjah Mada;;0;2009;#N/A;bnK-pcrLprsC;BlW48Z4AAAAJ
311;Analissi dan rancang bangun aplikasi permainan MMOG (massively multiplayer online games) dengan menggunakan Java dan server berbasis web;A PAMUNGKAS;Universitas Gadjah Mada;;0;2009;#N/A;cFHS6HbyZ2cC;BlW48Z4AAAAJ
312;KLASIFIKASI CITRA DENGAN POHON KEPUTUSAN;K Kusrini, S Hartati, R Wardoyo, A Harjoko;JUTI: Jurnal Ilmiah Teknologi Informasi;7 (2), 55-64;0;2008;#N/A;nb7KW1ujOQ8C;BlW48Z4AAAAJ
313;Decision tree as knowledge management tool in image classification;A Harjoko;;;0;2008;#N/A;0KyAp5RtaNEC;BlW48Z4AAAAJ
314;Pemanfaatan Macromedia Flash dan PHP-Mysql untuk pembuatan sistem e-learning secara interaktif dan dinamis:: Studi kasus Pengajaran mekanika di prodi pendidikan fisika untuk …;E RISDIANTO;Universitas Gadjah Mada;;0;2008;#N/A;1yWc8FF-_SYC;BlW48Z4AAAAJ
315;Perancangan dan implementasi Extensible 3D (X3D) sebagai antarmuka pengguna tiga dimensi pada Sistem Informasi Berbasis WEB:: Studi kasus pad STMIK AMIKOM Yogyakarta;AF SOFYAN;Universitas Gadjah Mada;;0;2008;#N/A;D_sINldO8mEC;BlW48Z4AAAAJ
316;Pembuatan dan analisa antena parabolik 2, 4 GHz untuk jaringan Wireless LAN;SA RAHARJO;Universitas Gadjah Mada;;0;2008;#N/A;geHnlv5EZngC;BlW48Z4AAAAJ
317;Reversible Watermarking menggunakan transformasi integer;A Harjoko;Universitas Gadjah Mada;;0;2008;#N/A;SP6oXDckpogC;BlW48Z4AAAAJ
318;Steganografi pada citra digital dengan menggunakan Fast Fourier transform;SM THANA;Universitas Gadjah Mada;;0;2008;#N/A;D03iK_w7-QYC;BlW48Z4AAAAJ
319;Pencarian citra berdasarkan ciri-ciri kurva polinomial histogram nilai RGB terurut;I TAQWA;Universitas Gadjah Mada;;0;2008;#N/A;ZHo1McVdvXMC;BlW48Z4AAAAJ
320;Autentikasi citra digital dengan menggunakan transformasi integer;HA WIBAWA;Universitas Gadjah Mada;;0;2008;#N/A;maZDTaKrznsC;BlW48Z4AAAAJ
321;Pengenalan wajah dengan self organizing maps (SOM) dan principal components analysis (PCA);A FANGGIDAE;Universitas Gadjah Mada;;0;2008;#N/A;isC4tDSrTZIC;BlW48Z4AAAAJ
322;Watermarking dengan metode Color Ordering dan Mapping pada Palette Images;A Harjoko;Universitas Gadjah Mada;;0;2008;#N/A;hFOr9nPyWt4C;BlW48Z4AAAAJ
323;Merancang bangun sistem presensi karyawan berbasis pengenalan wajah dengan Algoritma Eigenface:: Studi kasus pada STMIK AMIKOM Yogyakarta;H Al FATTA;Universitas Gadjah Mada;;0;2007;#N/A;P5F9QuxV20EC;BlW48Z4AAAAJ
324;Sistem Informasi Manajemen berbasis Web untuk pengelolaan data Perpustakaan Perguruan Tinggi Darmajaya Bandar Lampung;TM ZAINI, A Harjoko;Universitas Gadjah Mada;;0;2007;#N/A;3s1wT3WcHBgC;BlW48Z4AAAAJ
325;Konversi Citra Medis Hasil Rontgen Format Raster ke dalam Format SVG dengan Menggunakan Aplikasi SVG Factory;S Wirawan, S Guritno, A Harjoko;Seminar on Application and Research in Industrial Technology, SMART;2006;0;2006;#N/A;M3ejUd6NZC8C;BlW48Z4AAAAJ
326;Penggunaan Operator Quantifier Guided Dominance Degree (QGDD) Sebagai Certainty Factor Pada Clinical Group Decision Support System (CGDSS);S Kusumadewi, S Hartati, R Wardoyo, A Harjoko;Jurnal Fakultas Hukum UII;;0;2006;#N/A;vDZJ-YLwNdEC;BlW48Z4AAAAJ
327;Speaker Recognition dengan menggunakan Fitur Cepstrum dan Algoritma LBG Vector Quantization;A YUDOPRATOWO;Universitas Gadjah Mada;;0;2006;#N/A;uJ-U7cs_P_0C;BlW48Z4AAAAJ
328;Studi perbandingan kinerja ruang warna dan ukuran kemiripan untuk pencarian citra dalam basis data citra;TS MARTINI;Universitas Gadjah Mada;;0;2006;#N/A;ZuybSZzF8UAC;BlW48Z4AAAAJ
329;Metode pengenalan Iris Mata berdasarkan rata-rata intensitas Subcitra untuk segmentasi Iris;H DWIYASA;Universitas Gadjah Mada;;0;2006;#N/A;WqliGbK-hY8C;BlW48Z4AAAAJ
330;Sistem Text-to-Speech bahasa ndonesia dengan menggunakan Diphone Synthesis;A Harjoko;Universitas Gadjah Mada;;0;2006;#N/A;738O_yMBCRsC;BlW48Z4AAAAJ
331;Restorasi Citra Digital dengan Algoritma Inpainting;A Harjoko;Universitas Gadjah Mada;;0;2006;#N/A;OU6Ihb5iCvQC;BlW48Z4AAAAJ
332;Klasifikasi buah-buahan berdasarkan bentuk dan warna;A Harjoko;Text;;0;2006;#N/A;KxtntwgDAa4C;BlW48Z4AAAAJ
333;Identifikasi sistem Biometri berdasarkan pola iris mata manusia;A Harjoko;Universitas Gadjah Mada;;0;2006;#N/A;lSLTfruPkqcC;BlW48Z4AAAAJ
334;Watermaking citra digital dengan transformasi wavelet diskrit= Digital images watermarking with discrete wavelet transform;A Sugiharto, A Harjoko;Sains dan Sibernatika;18 (2005);0;2005;#N/A;lmc2jWPfTJgC;BlW48Z4AAAAJ
335;Penggunaan Bahasa Alami Dalam Pengolahan Citra Digital;A Harjoko;Universitas Gadjah Mada;;0;2005;#N/A;fQNAKQ3IYiAC;BlW48Z4AAAAJ
336;Studi dan eksperimentasi terhadap implementasi DCOM pada aplikasi terdistribusi;A Harjoko;Universitas Gadjah Mada;;0;2005;#N/A;1sJd4Hv_s6UC;BlW48Z4AAAAJ
337;Pengenalan Citra wajah manusia dengan metode Fisherface;A Harjoko;Universitas Gadjah Mada;;0;2005;#N/A;_xSYboBqXhAC;BlW48Z4AAAAJ
338;Visualisasi dan animasi efek Doppler;RG ALAM;Universitas Gadjah Mada;;0;2005;#N/A;a0OBvERweLwC;BlW48Z4AAAAJ
339;Rancanag bangun sistem informasi administrasi akademik (SIAKAD-2004) berbasis intranet untuk Universitas Lampung;NK KURDI;Universitas Gadjah Mada;;0;2005;#N/A;hMod-77fHWUC;BlW48Z4AAAAJ
340;Simulasi perancangan alat perpindahan panas yang disertai gerakan molekul;O YULIANI;Universitas Gadjah Mada;;0;2005;#N/A;R3hNpaxXUhUC;BlW48Z4AAAAJ
341;Digital watermarking dalam domain spatial menggunakan pendekatan blok;A Harjoko;Text;;0;2004;#N/A;XvxMoLDsR5gC;BlW48Z4AAAAJ
342;Pemanfaatan sistem informasi geografi berbasis WEB untuk kondisi dan potensi wilayah:: Studi kasus Kabupaten Merauke Propinsi Papua;FY WATTIMENA;Universitas Gadjah Mada;;0;2004;#N/A;4hFrxpcac9AC;BlW48Z4AAAAJ
343;Propotipe komunikasi multimedia sebuah laboratorium bahasa pada jaringan komputer dengan memanfaatkan gnomemeeting= Propotype of multimedia communication of a language...;DP Rini, A Harjoko;Sains dan Sibernatika;17 (2004);0;2004;#N/A;VaXvl8Fpj5cC;BlW48Z4AAAAJ
344;Visualisasi peta 3D Interaktif;TY HADIWANDRA;Universitas Gadjah Mada;;0;2004;#N/A;uWiczbcajpAC;BlW48Z4AAAAJ
345;Kompresi Citra menggunakan transformasi Wavelet dan metode Subland Uniform Quantization;E SETYANINGSIH;Universitas Gadjah Mada;;0;2004;#N/A;evX43VCCuoAC;BlW48Z4AAAAJ
346;Interface sistem SCADA VMS kelistrikan tegangan 500 KV berbasis WEB;LM WIDYACHANDRAWATI;Universitas Gadjah Mada;;0;2004;#N/A;hkOj_22Ku90C;BlW48Z4AAAAJ
347;Pengenalan Not Balok berbasis moment;I DARMAWAN;Universitas Gadjah Mada;;0;2004;#N/A;tS2w5q8j5-wC;BlW48Z4AAAAJ
348;Watermarking citra digital dengan transformasi wavelet diskrit;A SUGIHARTO;Universitas Gadjah Mada;;0;2004;#N/A;4OULZ7Gr8RgC;BlW48Z4AAAAJ
349;Pencarian citra dalam basis data video menggunakan histogram warna dan wavelet haar= Image searching in video database using color histogram and haar wavelet;E Nasution, A Harjoko;Sains dan Sibernatika;17 (2004);0;2004;#N/A;QIV2ME_5wuYC;BlW48Z4AAAAJ
350;Sistem informasi akademik berbasis three-tier pada sekolah tingi manajemen informatika dan komputer (STMIK) sigma Palembang;A Harjoko;Text;;0;2003;#N/A;DJbcl8HfkQkC;BlW48Z4AAAAJ
351;Metode untuk mendeteksi citra porno dengan menggunakan histogram warna dan Wavelet Daubechies;I WIDAGDA, A Harjoko;Text;;0;2003;#N/A;4vMrXwiscB8C;BlW48Z4AAAAJ
352;Pencarian citra dalam database video dengan fitur warna, koefisien wavelet dan tekstur;AH KRIDALAKSANA, A Harjoko;Text;;0;2003;#N/A;9c2xU6iGI7YC;BlW48Z4AAAAJ
353;Sistem klasifikasi telur dengan menggunakan jaringan syaraf tiruan dan thresholding;A Harjoko;Text;;0;2003;#N/A;WJVC3Jt7v1AC;BlW48Z4AAAAJ
354;Animasi dua dimensi dengan teknik Mesh Morphing;A BUDIANTO, A Harjoko;Text;;0;2003;#N/A;_5tno0g5mFcC;BlW48Z4AAAAJ
355;Pengaruh tingkat kepastian dalam sistem klasifikasi fuzzy rule-base;N HERAWATI, A Harjoko;Text;;0;2003;#N/A;6ZxmRoH8BuwC;BlW48Z4AAAAJ
356;Pencarian citra dalam basis data video menggunakan histogram warna dan wavelet haar;E NASUTION, A Harjoko;Text;;0;2003;#N/A;DUooU5lO8OsC;BlW48Z4AAAAJ
357;Sistem visualisasi posisi kereta api;MI HUTAPEA, A Harjoko;Text;;0;2003;#N/A;sNmaIFBj_lkC;BlW48Z4AAAAJ
358;Rancang bangun sistem informasi manajemen kepegawaian pemerintah daerah menggunakan arsitektur client-server;ES PRIHANTORO;Universitas Gadjah Mada;;0;2003;#N/A;umqufdRvDiIC;BlW48Z4AAAAJ
359;Rekonstruksi citra hasil seismik tomografi:: Studi kasus pada zone rekahan;H SOFYAN, A Harjoko;Text;;0;2003;#N/A;u9iWguZQMMsC;BlW48Z4AAAAJ
360;Mempertegas tampilan citra foto roentgen dengan metode perataan histogram melalui perbaikan lokal dan pewarnaan semu;R GINTING;Universitas Gadjah Mada;;0;2002;#N/A;NXb4pA-qfm4C;BlW48Z4AAAAJ
361;Analisis dan perancangan berorientasi obyek sistem informasi akademik Fakultas MIPA Universitas Negeri Semarang;RCN SANTI;Universitas Gadjah Mada;;0;2002;#N/A;0izLItjtcgwC;BlW48Z4AAAAJ
362;Kendali mutu dalam industri ubin keramik dengan perbandingan dua citra;YB SUPARMONO;Universitas Gadjah Mada;;0;2002;#N/A;FAceZFleit8C;BlW48Z4AAAAJ
363;Animasi Dan Visualisasi Eksperimen Bandul Matematis Dan Pegas Dengan Bahasa Pemrograman Turbo Pascal;S Hartati, A Harjoko, AT Mulyana;Jurnal Fisika Indonesia;6 (2002);0;2002;#N/A;4TOpqqG69KYC;BlW48Z4AAAAJ
364;Desain sistem otomasi jalan tol;N ROKHMAN;Universitas Gadjah Mada;;0;2001;#N/A;4fGpz3EwCPoC;BlW48Z4AAAAJ
365;SISTEM PENDETEKSI CACAT TELUR BERBASIS JARINGAN SYARAF TIRUAN;A Harjoko;text;;0;2001;#N/A;7T2F9Uy0os0C;BlW48Z4AAAAJ
366;Deteksi gerakan menggunakan alur optik untuk otomatisasi sistem keamanan berbasis kamera;A Harjoko;Text;;0;2001;#N/A;4DMP91E08xMC;BlW48Z4AAAAJ
367;Aplikasi pengolahan citra digital untuk deteksi cacat tekstur kain menggunakan metode statistik spektrum fourier;D TRISNAWARMAN;Universitas Gadjah Mada;;0;2000;#N/A;HE397vMXCloC;BlW48Z4AAAAJ
368;Penalaran komputer untuk sistem fisika;S Hartati, A Harjoko;Jurnal Fisika Indonesia;1 (1997);0;1997;#N/A;SeFeTyx0c_EC;BlW48Z4AAAAJ
369;Text Detection In Indonesian Identity Card Based On Maximally Stable Extremal Regions;AM Purba, A Harjoko, ME Wibowo;IJCCS (Indonesian Journal of Computing and Cybernetics Systems);13 (2), 177-18;0;#N/A;#N/A;RoXSNcbkSzsC;BlW48Z4AAAAJ
370;Grey-Level Co-Occurrence Matrix Method to Overcome Difference of Object Direction on Image Content Searching Process;B Hartono, A Harjoko, R Wardoyo, JE Istiyanto;;;0;#N/A;#N/A;KaMxkj08jr0C;BlW48Z4AAAAJ
371;ANALYSIS AND DESIGN OF E-COMMERCE ON CV MEDIA KOMPUTER;H Kurniawan, A Harjoko;;;0;#N/A;#N/A;jFemdcug13IC;BlW48Z4AAAAJ
372;Motion Detection and Face Recognition for CCTV Surveillance System;A Nurhopipah, A Harjoko;IJCCS (Indonesian Journal of Computing and Cybernetics Systems);12 (2), 107-11;0;#N/A;#N/A;DBa1UEJaJKAC;BlW48Z4AAAAJ
373;2017 3rd ICSITech Reviewer;A Pratondo, A Koukam, AS Shibghatullah, AG Abdullah, AAA Ibrahim, ...;;;0;#N/A;#N/A;XUvXOeBm_78C;BlW48Z4AAAAJ
374;Case-Based Reasoning for Stroke Disease Diagnosis;N Rumui, A Harjoko, A Musdholifah;IJCCS (Indonesian Journal of Computing and Cybernetics Systems);12 (1), 33-4;0;#N/A;#N/A;QD3KBmkZPeQC;BlW48Z4AAAAJ
375;Optimization Of Real-Time Multiple-Face Detection In The Classroom Using Adaboost Algorithm;H Santoso, A Harjoko, AE Putra;;;0;#N/A;#N/A;jL-93Qbq4QoC;BlW48Z4AAAAJ
376;DESAIN PALANG KERETA API OTOMATIS DILENGKAPI SISTEM PEWAKTUAN DALAM PENDETEKSIANNYA;FD Agustia, A Harjoko, MJI Komputer, DJI Komputer;;;0;#N/A;#N/A;nZcligLrVowC;BlW48Z4AAAAJ
377;Perbandingan Ekstraksi Ciri Full, Blocks, dan Row Mean Spectrogram Image dalam Mengidentifikasi Pembicara;SS La Ode Hasnuddin, A Harjoko;BIMIPA;24 (3), 238-24;0;#N/A;#N/A;P7Ujq4OLJYoC;BlW48Z4AAAAJ
378;2016 2nd ICSITech reviewer;AAA Ibrahim, A Harjoko, AP Wibawa, A Ralescu, A Risnumawan, ...;;;0;#N/A;#N/A;ODE9OILHJdcC;BlW48Z4AAAAJ
379;A. Zainul Fanani, 30 Abdul Jalil, 362 Achmad Fanany Onnilita Gaffar, 334 Adhi Prahara, 344 Adiwijaya, 114;A Harjoko, A Supriyanto, A Sudarsono, AP Yanuarifiani, A Pranolo, ...;;;0;#N/A;#N/A;yFnVuubrUp4C;BlW48Z4AAAAJ
380;Unsupervised Image Segmentation Based on Texture Feature Using Active Contour Model;A Harjoko;;;0;#N/A;#N/A;5qfkUJPXOUwC;BlW48Z4AAAAJ
381;Perbandingan Kapasitas Pesan pada Steganografi DCT Sekuensial dan Steganografi DCT F5 dengan Penerapan Point Operation Image Enhancement;DH Zulfikar, A Harjoko;IJCCS (Indonesian Journal of Computing and Cybernetics Systems);10 (1), 35-4;0;#N/A;#N/A;XoXfffV-tXoC;BlW48Z4AAAAJ
382;RETRIEVAL CITRA BERBASIS KONTEN DENGAN STRUKTUR DATA KD-TREE;H Santoso, A Harjoko;;;0;#N/A;#N/A;xtoqd-5pKcoC;BlW48Z4AAAAJ
383;Irwan, Irwan Kurniawan, Kabul Laksmiwati, Hira Liem, Inggriani Mahendra, Adhiguna;M Abel, B Achmadi, B Adrian, M Akbar, S Akbar, A Anggraeni, K Anindito, ...;;;0;#N/A;#N/A;PoWvk5oyLR8C;BlW48Z4AAAAJ
384;Reviewer;AM Tjoa, AU Sriwijaya-Indonesia, AHUG Mada-Indonesia, A Fatwanto, ...;;;0;#N/A;#N/A;i2xiXl-TujoC;BlW48Z4AAAAJ
385;Perbandingan Ekstraksi Ciri Full, Blocks, dan Row Mean Spectrogram Image Dalam Mengidentifikasi Pembicara;A Harjoko;IJCCS (Indonesian Journal of Computing and Cybernetics Systems);8 (2), 155-16;0;#N/A;#N/A;t7zJ5fGR-2UC;BlW48Z4AAAAJ
386;Penentuan Klas Sidik Jari Berdasarkan Arah Kemiringan Ridge;S Suwarno, A Harjoko;IJCCS (Indonesian Journal of Computing and Cybernetics Systems);5 (3), 25-2;0;#N/A;#N/A;W5xh706n7nkC;BlW48Z4AAAAJ
387;Evaluating Land Suitability using Fuzzy Logic Method;S Hartati, A Harjoko, IS Sitanggang;;;0;#N/A;#N/A;V3AGJWp-ZtQC;BlW48Z4AAAAJ
388;A Wavelet Based Iris Recognition Method;A Harjoko, S Hartati, H Dwiyasa;;;0;#N/A;#N/A;LPZeul_q3PIC;BlW48Z4AAAAJ
389;Rancang Bangun Sistem Pendukung Keputusan Kelompok untuk Amnesis, Diagnosis dan Terapi Gangguan Jiwa;S Kusumadewi, S Hartati, R Wardoyo, A Harjoko;;;0;#N/A;#N/A;uWQEDVKXjbEC;BlW48Z4AAAAJ
390;POLA FREKUENSI DASAR SUARA PENYIAR RADIO INDONESIA;Y Suyanto, A Harjoko;;;0;#N/A;#N/A;fPk4N6BV_jEC;BlW48Z4AAAAJ
391;DOCUMENT PROCESSING SYSTEM FOR JAVANESE MANUSCRIPTS;A Harjoko, AR Widiarti;;;0;#N/A;#N/A;vV6vV6tmYwMC;BlW48Z4AAAAJ
392;A Comparison Study of the Performance of the Fourier Transform Based Algorithm and the Artificial Neural Network Based Algorithm in Detecting Fabric Texture Defect;A Harjoko, S Hartati, D Trisnawarman, UT FTI;;;0;#N/A;#N/A;RYcK_YlVTxYC;BlW48Z4AAAAJ
393;An Anomaly Detection Method Based on Fuzzy Histogram Hyperbolization and Gray Level Co-occurrence Matrix;S Hartati, A Harjoko;;;0;#N/A;#N/A;NaGl4SEjCO4C;BlW48Z4AAAAJ
394;Combination of Statistic and Approach to Scripts Segmenta Segmentation of Javanese Man;AR Widiarti, A Harjoko;;;0;#N/A;#N/A;M3NEmzRMIkIC;BlW48Z4AAAAJ
